name,datetime,tempmax,tempmin,temp,feelslikemax,feelslikemin,feelslike,dew,humidity,precip,precipprob,precipcover,preciptype,snow,snowdepth,windgust,windspeed,winddir,sealevelpressure,cloudcover,visibility,solarradiation,solarenergy,uvindex,severerisk,sunrise,sunset,moonphase,conditions,description,icon,stations
Lagos,2009-01-01,34.1,25.1,28.2,37.4,25.1,30.6,24,80,0,0,0,,,,,18.4,251.9,1010.8,9.1,4.3,,,,,2009-01-01T06:57:27,2009-01-01T18:42:45,0.17,Clear,Clear conditions throughout the day.,clear-day,65201099999
Lagos,2009-01-02,32.1,23.1,27.2,35.9,23.1,28.8,23.1,80.2,0,0,0,,,,,11.2,119,1011.7,34,5.4,,,,,2009-01-02T06:57:52,2009-01-02T18:43:16,0.2,Partially cloudy,Partly cloudy throughout the day.,partly-cloudy-day,65201099999
Lagos,2009-01-03,33.1,23.1,26.9,36.7,23.1,28.4,23.1,81.4,0,0,0,,,,,14.8,295.3,1011.8,12.3,4.9,,,,,2009-01-03T06:58:17,2009-01-03T18:43:47,0.24,Clear,Clear conditions throughout the day.,clear-day,65201099999
Lagos,2009-01-04,33.1,23.1,26.7,35.6,23.1,28,22.5,79.3,0,0,0,,,,,18.4,332,1011.4,15.2,5.1,,,,,2009-01-04T06:58:41,2009-01-04T18:44:17,0.25,Clear,Clear conditions throughout the day.,clear-day,65201099999
Lagos,2009-01-05,33.1,23.1,27.2,38.2,23.1,29.6,23.4,81.1,0,0,0,,,,,14.8,269.3,1011.4,22.7,5.2,,,,,2009-01-05T06:59:05,2009-01-05T18:44:47,0.31,Partially cloudy,Partly cloudy throughout the day.,partly-cloudy-day,65201099999
Lagos,2009-01-06,33.1,25.1,28.1,37.1,25.1,30.5,24,80.3,0,0,0,,,,,18.4,259.5,1010,23,5.3,,,,,2009-01-06T06:59:27,2009-01-06T18:45:18,0.34,Partially cloudy,Partly cloudy throughout the day.,partly-cloudy-day,65201099999
Lagos,2009-01-07,34.1,25.1,29.3,40.7,25.1,33.9,24.5,76.4,0,0,0,,,,,13,226.9,1008.4,45,6.6,,,,,2009-01-07T06:59:50,2009-01-07T18:45:47,0.37,Partially cloudy,Partly cloudy throughout the day.,partly-cloudy-day,65201099999
Lagos,2009-01-08,33.1,26.1,28.7,40.7,26.1,32.8,25.1,81.8,0,0,0,,,,,18.4,217.8,1009.3,32.5,7.2,,,,,2009-01-08T07:00:11,2009-01-08T18:46:17,0.41,Partially cloudy,Partly cloudy throughout the day.,partly-cloudy-day,65201099999
Lagos,2009-01-09,33.1,27.1,29.1,38,30.8,33.8,24.6,77.6,0,0,0,,,,,24.1,224,1011.3,39.1,8.8,,,,,2009-01-09T07:00:32,2009-01-09T18:46:46,0.44,Partially cloudy,Partly cloudy throughout the day.,partly-cloudy-day,65201099999
Lagos,2009-01-10,32.1,25.1,27,38,25.1,29.5,24.4,85.8,0,0,0,,,,,24.1,232.7,1012.7,40.7,9.9,,,,,2009-01-10T07:00:52,2009-01-10T18:47:15,0.48,Partially cloudy,Partly cloudy throughout the day.,partly-cloudy-day,65201099999
Lagos,2009-01-11,32.1,24.1,28.2,38,24.1,31.8,24.4,81.1,0,0,0,,,,,25.9,205,1011,37.8,7.4,,,,,2009-01-11T07:01:11,2009-01-11T18:47:44,0.5,Partially cloudy,Partly cloudy throughout the day.,partly-cloudy-day,65201099999
Lagos,2009-01-12,29.1,24.1,26.5,34.7,24.1,28.1,24.8,90.8,0,0,0,,,,,13,234.6,1011.3,53.9,5.9,,,,,2009-01-12T07:01:29,2009-01-12T18:48:12,0.54,Partially cloudy,Partly cloudy throughout the day.,partly-cloudy-day,65201099999
Lagos,2009-01-13,32.1,22.1,26.7,36.9,22.1,28.7,23.3,82.7,0,0,0,,,,,18.4,273.7,1011.2,48.8,5.3,,,,,2009-01-13T07:01:47,2009-01-13T18:48:39,0.58,Partially cloudy,Partly cloudy throughout the day.,partly-cloudy-day,65201099999
Lagos,2009-01-14,33.1,25.1,28.4,39.4,25.1,30.6,23.6,77.2,0,0,0,,,,,18.4,259.1,1010.4,32.6,8,,,,,2009-01-14T07:02:04,2009-01-14T18:49:07,0.61,Partially cloudy,Partly cloudy throughout the day.,partly-cloudy-day,65201099999
Lagos,2009-01-15,36.1,25.1,28.3,36.4,25.1,30,23.1,76.9,0,0,0,,,,,20.5,265.6,1010.1,33.3,8.1,,,,,2009-01-15T07:02:19,2009-01-15T18:49:34,0.64,Partially cloudy,Partly cloudy throughout the day.,partly-cloudy-day,65201099999
Lagos,2009-01-16,29.1,25.1,26.6,33.7,25.1,28.2,24.4,87.9,0,0,0,,,,,20.5,237.4,1010.7,39.1,6.8,,,,,2009-01-16T07:02:35,2009-01-16T18:50:00,0.67,Partially cloudy,Partly cloudy throughout the day.,partly-cloudy-day,65201099999
Lagos,2009-01-17,28.1,25.1,26.4,32.1,25.1,27.7,24,86.9,0,0,0,,,,,20.5,226.1,1010.9,20,8.2,,,,,2009-01-17T07:02:49,2009-01-17T18:50:26,0.71,Clear,Partly cloudy throughout the day.,clear-day,65201099999
Lagos,2009-01-18,33.1,24.1,28.3,39.4,24.1,31.9,24.2,79.4,0,0,0,,,,,37.1,218,1011,30,9.2,,,,,2009-01-18T07:03:02,2009-01-18T18:50:51,0.75,Partially cloudy,Partly cloudy throughout the day.,partly-cloudy-day,65201099999
Lagos,2009-01-19,34.1,26.1,28.6,39.5,26.1,31.8,24,77.3,0,0,0,,,,,18.4,226,1011.2,37.1,9.8,,,,,2009-01-19T07:03:14,2009-01-19T18:51:16,0.77,Partially cloudy,Partly cloudy throughout the day.,partly-cloudy-day,65201099999
Lagos,2009-01-20,35.9,23.1,28,36,23.1,28,19.5,65.9,0,0,0,,,,13,18.4,277.2,1010.8,28,8.3,,,,,2009-01-20T07:03:26,2009-01-20T18:51:40,0.81,Partially cloudy,Partly cloudy throughout the day.,partly-cloudy-day,65201099999
Lagos,2009-01-21,35.1,21.1,27.7,32.6,21.1,26.8,10.8,42,0,0,0,,,,,24.1,358.5,1010.4,18,5.7,,,,,2009-01-21T07:03:36,2009-01-21T18:52:04,0.84,Clear,Clear conditions throughout the day.,clear-day,65201099999
Lagos,2009-01-22,34.1,19.1,25.1,31.7,19.1,24.5,12.1,51.5,0,0,0,,,,,27.7,29,1011.6,4.1,4.8,,,,,2009-01-22T07:03:46,2009-01-22T18:52:27,0.87,Clear,Clear conditions throughout the day.,clear-day,65201099999
Lagos,2009-01-23,33.1,18.1,25,31.2,18.1,24.4,9.9,44.5,0,0,0,,,,,25.9,16.5,1011.5,5.5,4,,,,,2009-01-23T07:03:55,2009-01-23T18:52:49,0.91,Clear,Clear conditions throughout the day.,clear-day,65201099999
Lagos,2009-01-24,32.1,18.1,24.4,30.2,18.1,23.9,10.3,46.4,0,0,0,,,,,13,40.2,1011.4,0,2.2,,,,,2009-01-24T07:04:03,2009-01-24T18:53:11,0.94,Clear,Clear conditions throughout the day.,clear-day,65201099999
Lagos,2009-01-25,33.1,19.1,25.4,32.5,19.1,25.5,17.2,64.8,0,0,0,,,,,16.6,215.7,1011.6,0,1.8,,,,,2009-01-25T07:04:09,2009-01-25T18:53:32,0.97,Clear,Clear conditions throughout the day.,clear-day,65201099999
Lagos,2009-01-26,32.1,22.1,26,35.6,22.1,27.2,22.5,82.7,0,0,0,,,,,20.5,182.5,1011.8,17.3,3.3,,,,,2009-01-26T07:04:15,2009-01-26T18:53:52,0,Clear,Clear conditions throughout the day.,clear-day,65201099999
Lagos,2009-01-27,33.1,23.1,27,36.2,23.1,29,23.5,82.4,0,0,0,,,,,13,202.8,1012.3,36.1,5.5,,,,,2009-01-27T07:04:20,2009-01-27T18:54:12,0.04,Partially cloudy,Partly cloudy throughout the day.,partly-cloudy-day,65201099999
Lagos,2009-01-28,33.1,25.1,27.9,39.4,25.1,30.5,24.1,80.9,0,0,0,,,,,33.5,206.4,1011.3,39.6,6,,,,,2009-01-28T07:04:24,2009-01-28T18:54:31,0.07,Partially cloudy,Partly cloudy throughout the day.,partly-cloudy-day,65201099999
Lagos,2009-01-29,33.1,24.1,28.5,39.4,24.1,32.2,24.5,80.2,0,0,0,,,,,25.9,212.9,1011.1,58.2,8.5,,,,,2009-01-29T07:04:27,2009-01-29T18:54:50,0.11,Partially cloudy,Partly cloudy throughout the day.,partly-cloudy-day,65201099999
Lagos,2009-01-30,32.1,25.1,27.3,38,25.1,29.8,24.2,83.7,0,0,0,,,,,50,200.3,1011.1,50,8.5,,,,,2009-01-30T07:04:29,2009-01-30T18:55:08,0.14,Partially cloudy,Partly cloudy throughout the day.,wind,65201099999
Lagos,2009-01-31,32.1,23.1,27.2,35.9,23.1,28.7,22.7,78.2,0,0,0,,,,,16.6,184.4,1010.7,39.2,6.1,,,,,2009-01-31T07:04:30,2009-01-31T18:55:25,0.18,Partially cloudy,Partly cloudy throughout the day.,partly-cloudy-day,65201099999
Lagos,2009-02-01,33.1,23.1,27.7,38.2,23.1,30.5,23.5,79.5,0,0,0,,,,,29.5,218.5,1010.6,52.6,7.9,,,,,2009-02-01T07:04:30,2009-02-01T18:55:41,0.21,Partially cloudy,Partly cloudy throughout the day.,partly-cloudy-day,65201099999
Lagos,2009-02-02,33.1,25.1,28.4,39.4,25.1,31.7,24.4,80.2,0,0,0,,,,,18.4,211.1,1010.9,40.5,9,,,,,2009-02-02T07:04:30,2009-02-02T18:55:57,0.25,Partially cloudy,Partly cloudy throughout the day.,partly-cloudy-day,65201099999
Lagos,2009-02-03,33.1,26.1,28.5,39.4,26.1,32.2,24.5,79.6,0,0,0,,,,,16.6,219.7,1012.2,45.7,10.3,,,,,2009-02-03T07:04:28,2009-02-03T18:56:12,0.25,Partially cloudy,Partly cloudy throughout the day.,partly-cloudy-day,65201099999
Lagos,2009-02-04,33.1,24.1,28.7,39.4,24.1,32.4,24.2,77.9,0,0,0,,,,,35.3,204.1,1011.2,59.1,10.1,,,,,2009-02-04T07:04:25,2009-02-04T18:56:26,0.32,Partially cloudy,Partly cloudy throughout the day.,partly-cloudy-day,65201099999
Lagos,2009-02-05,33.1,25.1,28.7,39.4,25.1,32.8,24.6,79.5,0,0,0,,,,,18.4,207.4,1011.3,46.4,9.7,,,,,2009-02-05T07:04:22,2009-02-05T18:56:40,0.35,Partially cloudy,Partly cloudy throughout the day.,partly-cloudy-day,65201099999
Lagos,2009-02-06,34.1,25.1,28.6,40.7,25.1,32.3,24.4,78.8,0,0,0,,,,,22.3,218.9,1011.4,61.4,10,,,,,2009-02-06T07:04:17,2009-02-06T18:56:53,0.39,Partially cloudy,Partly cloudy throughout the day.,partly-cloudy-day,65201099999
Lagos,2009-02-07,34.1,25.1,29.4,40.7,25.1,33.8,24.6,76.8,0,0,0,,,,,20.5,219.2,1010.8,50.8,9.3,,,,,2009-02-07T07:04:12,2009-02-07T18:57:05,0.42,Partially cloudy,Partly cloudy throughout the day.,partly-cloudy-day,65201099999
Lagos,2009-02-08,34.1,27.1,29.2,39.4,30.2,33.7,24.2,75.4,0,0,0,,,,,33.5,219.8,1010.8,51.8,10.6,,,,,2009-02-08T07:04:05,2009-02-08T18:57:16,0.46,Partially cloudy,Partly cloudy throughout the day.,partly-cloudy-day,65201099999
Lagos,2009-02-09,32.1,26.1,28.7,39.3,26.1,33,24.6,79,0,0,0,,,,,24.1,213.7,1011.5,55,9.9,,,,,2009-02-09T07:03:58,2009-02-09T18:57:27,0.5,Partially cloudy,Partly cloudy throughout the day.,partly-cloudy-day,65201099999
Lagos,2009-02-10,33.1,25.1,28.4,38.2,25.1,31.7,23.7,76.5,0,0,0,,,,,16.6,216.8,1011.8,45.8,9.4,,,,,2009-02-10T07:03:50,2009-02-10T18:57:37,0.53,Partially cloudy,Partly cloudy throughout the day.,partly-cloudy-day,65201099999
Lagos,2009-02-11,32.1,25.1,28.2,37.9,25.1,31.9,24.3,79.9,0,0,0,,,,,14.8,219.1,1010.9,57.3,8.8,,,,,2009-02-11T07:03:41,2009-02-11T18:57:46,0.56,Partially cloudy,Partly cloudy throughout the day.,partly-cloudy-day,65201099999
Lagos,2009-02-12,32.1,25.1,28.6,39.3,25.1,31.9,24.3,78.8,0,0,0,,,,,14.8,223.3,1009.5,42,8.4,,,,,2009-02-12T07:03:31,2009-02-12T18:57:55,0.59,Partially cloudy,Partly cloudy throughout the day.,partly-cloudy-day,65201099999
Lagos,2009-02-13,33.1,26.1,29.1,39.4,26.1,33.3,24.5,77.2,0,0,0,,,,,24.1,205.8,1007.8,47.5,11,,,,,2009-02-13T07:03:20,2009-02-13T18:58:03,0.62,Partially cloudy,Becoming cloudy in the afternoon.,partly-cloudy-day,65201099999
Lagos,2009-02-14,32.1,23.1,27.7,39.3,23.1,31,23.9,80.9,0,0,0,,,,,74.2,181.8,1008.7,65.8,8.2,,,,,2009-02-14T07:03:09,2009-02-14T18:58:10,0.66,Partially cloudy,Partly cloudy throughout the day.,wind,65201099999
Lagos,2009-02-15,31.1,24.1,26.7,35.6,24.1,28,22.7,79.6,0,0,0,,,,,14.8,242.9,1008.6,36.7,7.4,,,,,2009-02-15T07:02:56,2009-02-15T18:58:17,0.69,Partially cloudy,Partly cloudy throughout the day.,partly-cloudy-day,65201099999
Lagos,2009-02-16,33.1,25.1,28.1,38.2,25.1,30.7,23.6,77.5,0,0,0,,,,,16.6,199.7,1009,45,9,,,,,2009-02-16T07:02:43,2009-02-16T18:58:23,0.75,Partially cloudy,Partly cloudy throughout the day.,partly-cloudy-day,65201099999
Lagos,2009-02-17,33.1,24.1,27.4,38.2,24.1,29.3,22.9,77.8,0,0,0,,,,,59.4,249.5,1009.5,57,9.2,,,,,2009-02-17T07:02:29,2009-02-17T18:58:29,0.75,Partially cloudy,Partly cloudy throughout the day.,wind,65201099999
Lagos,2009-02-18,33.1,23.1,27.7,39.4,23.1,30.5,22.7,75.3,0,0,0,,,,,29.5,218,1009.1,54,10.3,,,,,2009-02-18T07:02:15,2009-02-18T18:58:33,0.79,Partially cloudy,Partly cloudy throughout the day.,partly-cloudy-day,65201099999
Lagos,2009-02-19,33.1,24.1,28.2,38.2,24.1,31.3,23.8,78,0,0,0,,,,,25.9,210.8,1009.1,45.7,10,,,,,2009-02-19T07:01:59,2009-02-19T18:58:37,0.82,Partially cloudy,Partly cloudy throughout the day.,partly-cloudy-day,65201099999
Lagos,2009-02-20,33.1,25.1,28.8,39.4,25.1,32.4,24.3,77.8,0,0,0,,,,,22.3,218.4,1009.2,46,10,,,,,2009-02-20T07:01:43,2009-02-20T18:58:41,0.85,Partially cloudy,Partly cloudy throughout the day.,partly-cloudy-day,65201099999
Lagos,2009-02-21,33.1,25.1,29.6,39.4,25.1,34.6,24.7,75.8,0,0,0,,,,,18.4,218.9,1009.5,65,10.5,,,,,2009-02-21T07:01:26,2009-02-21T18:58:44,0.88,Partially cloudy,Partly cloudy throughout the day.,partly-cloudy-day,65201099999
Lagos,2009-02-22,33.1,26.1,28.6,39.4,26.1,32.8,24.7,80,0,0,0,,,,,51.8,219.6,1009.9,60,8.7,,,,,2009-02-22T07:01:08,2009-02-22T18:58:46,0.92,Partially cloudy,Partly cloudy throughout the day.,wind,65201099999
Lagos,2009-02-23,33.1,24.1,28.2,39.4,24.1,31.5,24.2,79.8,0,0,0,,,,,27.7,203.3,1007.7,38.6,10.5,,,,,2009-02-23T07:00:50,2009-02-23T18:58:48,0.95,Partially cloudy,Partly cloudy throughout the day.,partly-cloudy-day,65201099999
Lagos,2009-02-24,33.1,25.1,28.8,38.2,25.1,32.5,24.2,77.1,0,0,0,,,,,27.7,209.2,1007.9,49.5,10.1,,,,,2009-02-24T07:00:31,2009-02-24T18:58:49,0.98,Partially cloudy,Partly cloudy throughout the day.,partly-cloudy-day,65201099999
Lagos,2009-02-25,34.1,26.1,28.8,40.7,26.1,33.1,24.6,79.1,0,0,0,,,,,16.6,194.7,1008.8,45.8,8.8,,,,,2009-02-25T07:00:11,2009-02-25T18:58:50,0,Partially cloudy,Partly cloudy throughout the day.,partly-cloudy-day,65201099999
Lagos,2009-02-26,34.1,23.1,28.6,39.5,23.1,32.1,23.2,73.9,0,0,0,,,,,16.6,194,1009.2,37.8,9.4,,,,,2009-02-26T06:59:51,2009-02-26T18:58:50,0.05,Partially cloudy,Partly cloudy throughout the day.,partly-cloudy-day,65201099999
Lagos,2009-02-27,33.1,27.1,29,38.2,30.2,33.4,24.2,76.2,0,0,0,,,,,22.3,211,1009.6,37.8,10,,,,,2009-02-27T06:59:30,2009-02-27T18:58:50,0.09,Partially cloudy,Partly cloudy throughout the day.,partly-cloudy-day,65201099999
Lagos,2009-02-28,33.1,25.1,28.8,38.2,25.1,32.4,24.1,76.7,0,0,0,,,,,20.5,205.8,1010.1,51.7,10.3,,,,,2009-02-28T06:59:09,2009-02-28T18:58:49,0.12,Partially cloudy,Partly cloudy throughout the day.,partly-cloudy-day,65201099999
Lagos,2009-03-01,33.1,25.1,29.4,39.4,25.1,34.2,24.6,76.7,0,0,0,,,,,14.8,213.4,1011.3,52.7,10.7,,,,,2009-03-01T06:58:47,2009-03-01T18:58:47,0.16,Partially cloudy,Partly cloudy throughout the day.,partly-cloudy-day,65201099999
Lagos,2009-03-02,31.1,26.1,27.6,37.9,26.1,31.3,25,85.9,0,0,0,,,,27.7,11.2,241.7,1011.7,63.7,7.7,,,,,2009-03-02T06:58:24,2009-03-02T18:58:46,0.19,Partially cloudy,Partly cloudy throughout the day.,partly-cloudy-day,65201099999
Lagos,2009-03-03,33.1,25.1,28.8,40.2,25.1,32.6,24.6,79.1,0,0,0,,,,24.1,14.8,198,1010.4,60.8,8.9,,,,,2009-03-03T06:58:01,2009-03-03T18:58:43,0.23,Partially cloudy,Partly cloudy throughout the day.,partly-cloudy-day,"65210099999,65201099999"
Lagos,2009-03-04,33.6,26.1,29.4,40.4,26.1,34.5,25,78,0,0,0,,,,20.5,33.5,208.9,1010,63.7,9.5,,,,,2009-03-04T06:57:38,2009-03-04T18:58:41,0.25,Partially cloudy,Partly cloudy throughout the day.,partly-cloudy-day,"65210099999,65201099999"
Lagos,2009-03-05,34.1,26.8,29.8,41.3,30.5,35.5,25.1,76.8,0,0,0,,,,22.3,16.6,211.3,1009.6,61.7,8.6,,,,,2009-03-05T06:57:14,2009-03-05T18:58:38,0.3,Partially cloudy,Partly cloudy throughout the day.,partly-cloudy-day,"65210099999,65201099999"
Lagos,2009-03-06,33.7,27.1,29.9,42.8,30.8,35.7,25.1,76.2,0,0,0,,,,50,46.4,215.9,1009.4,64.8,9.9,,,,,2009-03-06T06:56:49,2009-03-06T18:58:34,0.33,Partially cloudy,Partly cloudy throughout the day.,partly-cloudy-day,"65210099999,65201099999"
Lagos,2009-03-07,35.1,27.1,30.2,40.8,30.8,35.9,24.9,74.5,0,0,0,,,,22.3,20.5,213.1,1009.3,50,9.8,,,,,2009-03-07T06:56:25,2009-03-07T18:58:30,0.37,Partially cloudy,Partly cloudy throughout the day.,partly-cloudy-day,"65210099999,65201099999"
Lagos,2009-03-08,33.1,24.6,28.8,40.9,24.6,33.7,25.1,81.4,7.1,100,4.17,rain,,,83.5,35.3,207,1009.7,75,7.6,,,,,2009-03-08T06:55:59,2009-03-08T18:58:26,0.41,"Rain, Partially cloudy",Partly cloudy throughout the day with morning rain.,rain,"65210099999,65201099999"
Lagos,2009-03-09,33.5,24.7,28.7,42.2,24.7,32.8,24.4,78.6,0,0,0,,,,25.9,37.1,201,1009.4,58.8,8.1,,,,,2009-03-09T06:55:34,2009-03-09T18:58:21,0.44,Partially cloudy,Partly cloudy throughout the day.,partly-cloudy-day,"65210099999,65201099999"
Lagos,2009-03-10,34.1,23.1,28.4,41.6,23.1,31.7,23.6,76.1,0,0,0,,,,87.1,38.9,203.1,1009.5,62.5,8.7,,,,,2009-03-10T06:55:07,2009-03-10T18:58:17,0.48,Partially cloudy,Partly cloudy throughout the day.,partly-cloudy-day,"65210099999,65201099999"
Lagos,2009-03-11,32.1,23.1,27.4,39.4,23.1,30.4,24.1,83.3,5.1,100,4.17,rain,,,25.9,22.1,201.6,1009.1,74.2,8.6,,,,,2009-03-11T06:54:41,2009-03-11T18:58:11,0.5,"Rain, Partially cloudy",Partly cloudy throughout the day with morning rain.,rain,"65210099999,65201099999"
Lagos,2009-03-12,33.3,24.1,28.3,41.6,24.1,32.2,24.5,80.8,7.9,100,4.17,rain,,,25.9,18.4,230.1,1008.7,64.2,9.6,,,,,2009-03-12T06:54:14,2009-03-12T18:58:06,0.54,"Rain, Partially cloudy",Partly cloudy throughout the day with early morning rain.,rain,"65210099999,65201099999"
Lagos,2009-03-13,30.1,24.1,26.4,35.6,24.1,27.9,23.6,85.3,7.9,100,4.17,rain,,,64.8,33.5,147.1,1010.1,65.2,7.1,,,,,2009-03-13T06:53:47,2009-03-13T18:58:00,0.58,"Rain, Partially cloudy",Partly cloudy throughout the day with early morning rain.,rain,"65210099999,65201099999"
Lagos,2009-03-14,33.1,25.1,28.4,39.4,25.1,31.9,24.6,80.9,0,0,0,,,,40.7,37.1,217.8,1010,48.3,8.8,,,,,2009-03-14T06:53:20,2009-03-14T18:57:54,0.61,Partially cloudy,Partly cloudy throughout the day.,partly-cloudy-day,"65210099999,65201099999"
Lagos,2009-03-15,34.1,24.1,29,40.9,24.1,32.9,23.6,73.9,0,0,0,,,,22.3,27.7,221.1,1010.2,59.1,9.8,,,,,2009-03-15T06:52:53,2009-03-15T18:57:48,0.64,Partially cloudy,Partly cloudy throughout the day.,partly-cloudy-day,"65210099999,65201099999"
Lagos,2009-03-16,33.1,26.1,28.8,40.7,26.1,33.3,24.8,79.7,0,0,0,,,,37.1,33.5,205.3,1009.9,68,10.3,,,,,2009-03-16T06:52:25,2009-03-16T18:57:42,0.67,Partially cloudy,Partly cloudy throughout the day.,partly-cloudy-day,"65210099999,65201099999"
Lagos,2009-03-17,33.1,25.1,28.8,39.2,25.1,32,23.6,74.8,0,0,0,,,,29.5,24.1,197.8,1009.8,53.3,10.4,,,,,2009-03-17T06:51:57,2009-03-17T18:57:35,0.7,Partially cloudy,Partly cloudy throughout the day.,partly-cloudy-day,"65210099999,65201099999"
Lagos,2009-03-18,34.1,24.1,29,40.2,24.1,32.3,23.6,74.1,0,0,0,,,,35.3,27.7,208.4,1009.7,68.5,10.3,,,,,2009-03-18T06:51:29,2009-03-18T18:57:28,0.75,Partially cloudy,Partly cloudy throughout the day.,partly-cloudy-day,"65210099999,65201099999"
Lagos,2009-03-19,32.7,25,28.8,37.1,25,31.8,23.1,72.9,0,0,0,,,,31.7,27.7,233.3,1010.7,55.7,9.7,,,,,2009-03-19T06:51:00,2009-03-19T18:57:22,0.77,Partially cloudy,Partly cloudy throughout the day.,partly-cloudy-day,"65210099999,65201099999"
Lagos,2009-03-20,34.5,25.5,28.8,40.5,25.5,32.3,24.1,77.3,0,0,0,,,,24.1,24.1,196.4,1010.6,52.7,10.8,,,,,2009-03-20T06:50:32,2009-03-20T18:57:15,0.8,Partially cloudy,Partly cloudy throughout the day.,partly-cloudy-day,"65210099999,65201099999"
Lagos,2009-03-21,34.1,26.1,29.5,42.4,26.1,34.4,24.7,76.5,0,0,0,,,,25.9,24.2,199.1,1010.5,57.9,10.8,,,,,2009-03-21T06:50:03,2009-03-21T18:57:07,0.83,Partially cloudy,Partly cloudy throughout the day.,partly-cloudy-day,"65210099999,65201099999"
Lagos,2009-03-22,34.1,26.5,29.5,41,26.5,34.4,24.8,77.4,0,0,0,,,,27.7,24.1,197,1010.1,67.5,10.7,,,,,2009-03-22T06:49:35,2009-03-22T18:57:00,0.86,Partially cloudy,Partly cloudy throughout the day.,partly-cloudy-day,"65210099999,65201099999"
Lagos,2009-03-23,33.4,27.1,29.7,40.6,30.8,34.7,24.6,75.5,0,0,0,,,,33.5,27.7,198.8,1009.2,63.3,10.7,,,,,2009-03-23T06:49:06,2009-03-23T18:56:53,0.9,Partially cloudy,Partly cloudy throughout the day.,partly-cloudy-day,"65210099999,65201099999"
Lagos,2009-03-24,33.4,25.1,29.4,40.9,25.1,34.4,24.8,77.4,0,0,0,,,,25.9,24.1,209.1,1008.2,60.4,9.9,,,,,2009-03-24T06:48:37,2009-03-24T18:56:46,0.93,Partially cloudy,Partly cloudy throughout the day.,partly-cloudy-day,"65210099999,65201099999"
Lagos,2009-03-25,34.1,26.1,29.4,42.7,26.1,34.5,25.3,79.7,0,0,0,,,,37.1,46.4,258.1,1007.1,62.2,9.8,,,,,2009-03-25T06:48:08,2009-03-25T18:56:38,0.96,Partially cloudy,Partly cloudy throughout the day.,partly-cloudy-day,"65210099999,65201099999"
Lagos,2009-03-26,35.1,27.1,29.9,43,30.8,35.9,25.5,79.1,0,0,0,,,,42.5,33.5,257.3,1008,65.9,10.3,,,,,2009-03-26T06:47:39,2009-03-26T18:56:31,0,Partially cloudy,Partly cloudy throughout the day.,partly-cloudy-day,"65210099999,65201099999"
Lagos,2009-03-27,34.1,26.8,29.4,40.7,30.8,35.1,25.4,80.2,0,0,0,,,,42.5,37.1,253.8,1008.1,63.3,10,,,,,2009-03-27T06:47:10,2009-03-27T18:56:23,0.03,Partially cloudy,Partly cloudy throughout the day.,partly-cloudy-day,"65210099999,65201099999"
Lagos,2009-03-28,34.1,27.1,29.7,51.4,30.8,35.7,25.4,78.7,0,0,0,,,,40.7,37.1,257.6,1007.7,63.6,10.2,,,,,2009-03-28T06:46:42,2009-03-28T18:56:16,0.06,Partially cloudy,Partly cloudy throughout the day.,partly-cloudy-day,"65210099999,65201099999"
Lagos,2009-03-29,33.1,23.1,27.3,39.6,23.1,30.2,23.6,81.2,4.1,100,4.17,rain,,,50,46.4,233.9,1008,75,9.5,,,,,2009-03-29T06:46:13,2009-03-29T18:56:09,0.1,"Rain, Partially cloudy",Partly cloudy throughout the day with early morning rain.,rain,"65210099999,65201099999"
Lagos,2009-03-30,33.1,26.1,28.9,41.2,26.1,33.3,25.2,81.3,0,0,0,,,,33.5,29.2,215.1,1008,54.2,9.9,,,,,2009-03-30T06:45:44,2009-03-30T18:56:01,0.14,Partially cloudy,Partly cloudy throughout the day.,partly-cloudy-day,"65210099999,65201099999"
Lagos,2009-03-31,33.2,26.8,29.4,39.8,30.7,34.4,24.7,77.2,0,0,0,,,,48.2,29.5,214.5,1008.6,59.2,10.7,,,,,2009-03-31T06:45:15,2009-03-31T18:55:54,0.17,Partially cloudy,Partly cloudy throughout the day.,partly-cloudy-day,"65210099999,65201099999"
Lagos,2009-04-01,33.1,26.9,29.1,40.2,30.8,34,24.9,79.4,0,0,0,,,,33.5,29.5,215.3,1008.9,64.4,9.9,,,,,2009-04-01T06:44:47,2009-04-01T18:55:47,0.21,Partially cloudy,Partly cloudy throughout the day.,partly-cloudy-day,"65210099999,65201099999"
Lagos,2009-04-02,35.1,26.8,29.3,40.4,29.7,33.7,24.2,75,0,0,0,,,,33.5,25.9,217.3,1009.2,58.2,10.7,,,,,2009-04-02T06:44:19,2009-04-02T18:55:40,0.25,Partially cloudy,Partly cloudy throughout the day.,partly-cloudy-day,"65210099999,65201099999"
Lagos,2009-04-03,33.4,25.1,29.5,38.7,25.1,32.9,23.5,72,0,0,0,,,,29.5,25.9,206.6,1009.4,53.3,11.6,,,,,2009-04-03T06:43:50,2009-04-03T18:55:33,0.28,Partially cloudy,Becoming cloudy in the afternoon.,partly-cloudy-day,"65210099999,65201099999"
Lagos,2009-04-04,33.1,26,29.2,38.8,26,33.6,24.5,77.1,0,0,0,,,,50,37.1,208.4,1010.4,60.5,10.6,,,,,2009-04-04T06:43:22,2009-04-04T18:55:26,0.31,Partially cloudy,Partly cloudy throughout the day.,partly-cloudy-day,"65210099999,65201099999"
Lagos,2009-04-05,32.7,24.1,28.2,37.8,24.1,31.2,23.7,77.7,0,0,0,,,,29.5,25.3,188.4,1011.1,59.6,10.7,,,,,2009-04-05T06:42:55,2009-04-05T18:55:19,0.35,Partially cloudy,Partly cloudy throughout the day.,partly-cloudy-day,"65210099999,65201099999"
Lagos,2009-04-06,34.1,25.1,29.1,40.3,25.1,32.3,24.3,77,0,0,0,,,,25.9,22.3,194.6,1011.1,54.3,9.6,,,,,2009-04-06T06:42:27,2009-04-06T18:55:13,0.39,Partially cloudy,Partly cloudy throughout the day.,partly-cloudy-day,"65210099999,65201099999"
Lagos,2009-04-07,33.5,26,29.2,40.1,26,33.6,24.7,77.7,0,0,0,,,,37.1,24.1,210.1,1011,59.2,10.9,,,,,2009-04-07T06:42:00,2009-04-07T18:55:06,0.42,Partially cloudy,Partly cloudy throughout the day.,partly-cloudy-day,"65210099999,65201099999"
Lagos,2009-04-08,29.1,22.1,25.9,33.3,22.1,27.6,23.4,86.5,49,100,8.33,rain,,,20.5,22.3,247.8,1011.9,66.3,9.1,,,,,2009-04-08T06:41:33,2009-04-08T18:55:00,0.46,"Rain, Partially cloudy",Partly cloudy throughout the day with rain in the morning and afternoon.,rain,"65210099999,65201099999"
Lagos,2009-04-09,32.1,23.1,27.4,38,23.1,30.1,23.6,80.7,0,0,0,,,,25.9,24.1,205.8,1010.6,50.8,8.9,,,,,2009-04-09T06:41:06,2009-04-09T18:54:54,0.5,Partially cloudy,Partly cloudy throughout the day.,partly-cloudy-day,"65210099999,65201099999"
Lagos,2009-04-10,33.1,26,28.7,40.1,26,32.7,24.6,79.2,0,0,0,,,,35.3,30.8,198.8,1010.7,64.2,11,,,,,2009-04-10T06:40:39,2009-04-10T18:54:49,0.53,Partially cloudy,Partly cloudy throughout the day.,partly-cloudy-day,"65210099999,65201099999"
Lagos,2009-04-11,33.1,26.1,29,39.1,26.1,32.6,24.4,77.4,0,0,0,,,,29.5,22.3,190.1,1010.7,66.8,10.5,,,,,2009-04-11T06:40:13,2009-04-11T18:54:43,0.56,Partially cloudy,Partly cloudy throughout the day.,partly-cloudy-day,"65210099999,65201099999"
Lagos,2009-04-12,32.1,25.1,28.3,38.5,25.1,31.5,24.4,80.4,0,0,0,,,,35.3,22.3,204,1010.9,61.8,11.1,,,,,2009-04-12T06:39:47,2009-04-12T18:54:38,0.59,Partially cloudy,Partly cloudy throughout the day.,partly-cloudy-day,"65210099999,65201099999"
Lagos,2009-04-13,27.2,22.8,25.6,31,22.8,27,23.4,87.6,3,100,4.17,rain,,,46.4,40.7,24.2,1011.7,56.8,9.4,,,,,2009-04-13T06:39:22,2009-04-13T18:54:33,0.62,"Rain, Partially cloudy",Partly cloudy throughout the day with morning rain.,rain,"65210099999,65201099999"
Lagos,2009-04-14,32.1,22.1,26.6,36.9,22.1,28.7,23.1,82.3,0,0,0,,,,24.1,20.5,216.2,1012.1,49.5,7.8,,,,,2009-04-14T06:38:56,2009-04-14T18:54:29,0.66,Partially cloudy,Partly cloudy throughout the day.,partly-cloudy-day,65201099999
Lagos,2009-04-15,33.5,24.1,28.5,40.5,24.1,32,24.3,79.1,0,0,0,,,,29.5,25.9,209.7,1012.8,53.4,10.2,,,,,2009-04-15T06:38:32,2009-04-15T18:54:24,0.69,Partially cloudy,Partly cloudy throughout the day.,partly-cloudy-day,"65210099999,65201099999"
Lagos,2009-04-16,29.1,22.1,25.9,33.9,22.1,27.6,23.2,85.2,0,0,0,,,,33.5,32.6,223.8,1012.9,76.1,9.6,,,,,2009-04-16T06:38:07,2009-04-16T18:54:20,0.72,Partially cloudy,Partly cloudy throughout the day.,partly-cloudy-day,"65210099999,65201099999"
Lagos,2009-04-17,32.1,24.1,27.4,37.6,24.1,29.8,23.6,80.6,0,0,0,,,,35.3,22.3,199,1012.1,55.5,10.1,,,,,2009-04-17T06:37:43,2009-04-17T18:54:17,0.75,Partially cloudy,Partly cloudy throughout the day.,partly-cloudy-day,"65210099999,65201099999"
Lagos,2009-04-18,32.1,23.1,27.5,38,23.1,30.3,23.8,81.3,15,100,4.17,rain,,,111.2,55.4,161.4,1011.5,67.5,9.2,,,,,2009-04-18T06:37:20,2009-04-18T18:54:13,0.78,"Rain, Partially cloudy",Partly cloudy throughout the day with late afternoon rain.,rain,"65210099999,65201099999"
Lagos,2009-04-19,31.9,24.1,28.8,39.2,24.1,32.6,24.1,76.7,0,0,0,,,,31.7,27.7,176,1011.8,51.8,10.4,,,,,2009-04-19T06:36:57,2009-04-19T18:54:10,0.82,Partially cloudy,Partly cloudy throughout the day.,partly-cloudy-day,"65210099999,65201099999"
Lagos,2009-04-20,33.5,24.1,28.9,42.6,24.1,33,24.4,77.9,0,0,0,,,,31.7,27.2,206.4,1011.6,63.3,10.7,,,,,2009-04-20T06:36:34,2009-04-20T18:54:07,0.85,Partially cloudy,Partly cloudy throughout the day.,partly-cloudy-day,"65210099999,65201099999"
Lagos,2009-04-21,33.2,23.6,28.8,42.3,23.6,33.4,24.8,80,0,0,0,,,,59.4,27.7,219.4,1010.8,69.5,10.7,,,,,2009-04-21T06:36:12,2009-04-21T18:54:05,0.88,Partially cloudy,Partly cloudy throughout the day.,partly-cloudy-day,"65210099999,65201099999"
Lagos,2009-04-22,31.1,23.1,26.4,39.2,23.1,28.4,23.2,83.3,0,0,0,,,,18.4,14.8,141,1009.5,52.5,8.5,,,,,2009-04-22T06:35:51,2009-04-22T18:54:03,0.91,Partially cloudy,Partly cloudy throughout the day.,partly-cloudy-day,"65210099999,65201099999"
Lagos,2009-04-23,33.2,24.1,28.5,40.4,24.1,32.2,24.4,80.2,0,0,0,,,,25.9,20.5,195.2,1009.1,42.6,9.1,,,,,2009-04-23T06:35:29,2009-04-23T18:54:02,0.95,Partially cloudy,Partly cloudy throughout the day.,partly-cloudy-day,"65210099999,65201099999"
Lagos,2009-04-24,30.6,22.1,26.2,38.2,22.1,27.7,24,88.3,7.1,100,4.17,rain,,,18.4,42.5,331.7,1009.8,53.2,9.7,,,,,2009-04-24T06:35:09,2009-04-24T18:54:01,0.98,"Rain, Partially cloudy",Partly cloudy throughout the day with late afternoon rain.,rain,"65210099999,65201099999"
Lagos,2009-04-25,32.1,23.1,27.3,39.3,23.1,30.4,23.8,82.4,0,0,0,,,,25.9,22.3,225.8,1010.6,50.5,9.1,,,,,2009-04-25T06:34:49,2009-04-25T18:54:00,0,Partially cloudy,Partly cloudy throughout the day.,partly-cloudy-day,"65210099999,65201099999"
Lagos,2009-04-26,32.1,22.2,27.9,39.9,22.2,31.7,25,85.2,0,0,0,,,,25.9,21.9,213.9,1011.2,63,9.6,,,,,2009-04-26T06:34:29,2009-04-26T18:53:59,0.05,Partially cloudy,Partly cloudy throughout the day.,partly-cloudy-day,"65210099999,65201099999"
Lagos,2009-04-27,31.1,22.1,26.6,37.9,22.1,28.7,23.3,83.5,26.9,100,4.17,rain,,,37.1,20.6,222,1011.3,51.8,9.9,,,,,2009-04-27T06:34:11,2009-04-27T18:54:00,0.08,"Rain, Partially cloudy",Partly cloudy throughout the day with morning rain.,rain,"65210099999,65201099999"
Lagos,2009-04-28,32.3,25.1,28.1,40.8,25.1,31.6,24.7,82.8,0,0,0,,,,35.3,18.4,204.1,1011.5,56.3,9,,,,,2009-04-28T06:33:52,2009-04-28T18:54:00,0.12,Partially cloudy,Partly cloudy throughout the day.,partly-cloudy-day,"65210099999,65201099999"
Lagos,2009-04-29,32.4,25.1,28.7,40.6,25.1,32.8,24.8,80.9,0,0,0,,,,29.5,27.7,197.5,1011.9,50.8,10.2,,,,,2009-04-29T06:33:35,2009-04-29T18:54:01,0.15,Partially cloudy,Partly cloudy throughout the day.,partly-cloudy-day,"65210099999,65201099999"
Lagos,2009-04-30,32.6,26.1,29.2,41,26.1,34.4,25.3,80.3,0,0,0,,,,25.9,29.5,202.6,1011.3,62.2,11,,,,,2009-04-30T06:33:18,2009-04-30T18:54:02,0.19,Partially cloudy,Partly cloudy throughout the day.,partly-cloudy-day,"65210099999,65201099999"
Lagos,2009-05-01,32.1,25.1,28.9,40,25.1,34,25.3,81.5,0,0,0,,,,27.7,24.1,202,1010,66.1,10.9,,,,,2009-05-01T06:33:01,2009-05-01T18:54:04,0.25,Partially cloudy,Partly cloudy throughout the day.,partly-cloudy-day,"65210099999,65201099999"
Lagos,2009-05-02,33.1,24.1,28.7,42.5,24.1,33.2,25,80.9,0,0,0,,,,111.2,46.4,210.3,1009.7,76.7,10.6,,,,,2009-05-02T06:32:45,2009-05-02T18:54:06,0.26,Partially cloudy,Partly cloudy throughout the day.,partly-cloudy-day,"65210099999,65201099999"
Lagos,2009-05-03,31.7,23.5,27.2,39.5,23.5,29.8,23.6,81.6,2,100,4.17,rain,,,44.6,18.4,113,1010.3,64.6,9.9,,,,,2009-05-03T06:32:30,2009-05-03T18:54:09,0.3,"Rain, Partially cloudy",Partly cloudy throughout the day with early morning rain.,rain,"65210099999,65201099999"
Lagos,2009-05-04,32.2,25.2,28.8,39.5,25.2,32.8,24.4,78,0,0,0,,,,22.3,20.5,206.1,1010.5,53.1,9.9,,,,,2009-05-04T06:32:16,2009-05-04T18:54:12,0.33,Partially cloudy,Partly cloudy throughout the day.,partly-cloudy-day,"65210099999,65201099999"
Lagos,2009-05-05,29.1,22.4,25.8,35.1,22.4,27.7,23.7,88.5,11.9,100,8.33,rain,,,25.9,24.1,141.6,1011.2,77.3,10.1,,,,,2009-05-05T06:32:02,2009-05-05T18:54:16,0.37,"Rain, Partially cloudy",Partly cloudy throughout the day with rain clearing later.,rain,"65210099999,65201099999"
Lagos,2009-05-06,28.1,23.1,25.2,32.8,23.1,25.8,24.1,93.6,13,100,8.33,rain,,,55.4,51.8,19.6,1012.1,66.4,6,,,,,2009-05-06T06:31:49,2009-05-06T18:54:20,0.4,"Rain, Partially cloudy",Partly cloudy throughout the day with rain.,rain,"65210099999,65201099999"
Lagos,2009-05-07,32.1,23,26.5,39.3,23,28.8,23.6,85.1,13,100,4.17,rain,,,27.7,16.6,302,1011.6,65,8.9,,,,,2009-05-07T06:31:36,2009-05-07T18:54:24,0.44,"Rain, Partially cloudy",Partly cloudy throughout the day with late afternoon rain.,rain,"65210099999,65201099999"
Lagos,2009-05-08,30.1,24,27,35.3,24,28.8,23.8,83.1,3,100,4.17,rain,,,29.5,70.2,227.7,1011.9,74.8,9.6,,,,,2009-05-08T06:31:24,2009-05-08T18:54:29,0.47,"Rain, Partially cloudy",Partly cloudy throughout the day with morning rain.,rain,"65210099999,65201099999"
Lagos,2009-05-09,29.1,23.4,26.4,34.7,23.4,28.1,24.1,87.9,3,100,8.33,rain,,,51.8,31.3,234.1,1012.2,80.4,8.2,,,,,2009-05-09T06:31:13,2009-05-09T18:54:35,0.5,"Rain, Partially cloudy",Partly cloudy throughout the day with rain.,rain,"65210099999,65201099999"
Lagos,2009-05-10,30.1,23.1,25.2,34.3,23.1,26.1,23.3,89.6,1,100,4.17,rain,,,22.3,18.4,76.9,1011.7,67.8,9.2,,,,,2009-05-10T06:31:03,2009-05-10T18:54:41,0.54,"Rain, Partially cloudy",Partly cloudy throughout the day with morning rain.,rain,"65210099999,65201099999"
Lagos,2009-05-11,32.2,23.1,27.3,40.3,23.1,30.1,23.7,81.9,0,0,0,,,,25.9,18.4,203.6,1011.6,57.1,8.8,,,,,2009-05-11T06:30:53,2009-05-11T18:54:47,0.57,Partially cloudy,Partly cloudy throughout the day.,partly-cloudy-day,"65210099999,65201099999"
Lagos,2009-05-12,27.2,25.1,26.4,30.7,25.1,27.6,23.6,84.5,0,0,0,,,,20.5,9.4,218.9,1011.4,46.7,9.6,,,,,2009-05-12T06:30:44,2009-05-12T18:54:54,0.61,Partially cloudy,Clearing in the afternoon.,partly-cloudy-day,65201099999
Lagos,2009-05-13,32.6,26.1,28.8,39.1,26.1,32.1,23.8,75.2,0,0,0,,,,24.1,20.4,202.3,1011.4,50.6,9.6,,,,,2009-05-13T06:30:35,2009-05-13T18:55:01,0.64,Partially cloudy,Partly cloudy throughout the day.,partly-cloudy-day,"65210099999,65201099999"
Lagos,2009-05-14,30.3,26.1,28.1,37.8,26.1,31.9,24.4,80.7,0,0,0,,,,20.5,16.6,198.9,1011.6,54.4,10.3,,,,,2009-05-14T06:30:28,2009-05-14T18:55:08,0.67,Partially cloudy,Partly cloudy throughout the day.,partly-cloudy-day,"65210099999,65201099999"
Lagos,2009-05-15,31.1,22.6,27.4,35.6,22.6,29.7,22.7,76.4,0,0,0,,,,101.9,101.9,249,1010.9,61.7,10.1,,,,,2009-05-15T06:30:21,2009-05-15T18:55:16,0.71,Partially cloudy,Partly cloudy throughout the day.,wind,"65210099999,65201099999"
Lagos,2009-05-16,32.6,24.6,28.6,40.2,24.6,31.8,23.6,75.6,0,0,0,,,,24.1,20.5,192.9,1010.9,59.6,8.6,,,,,2009-05-16T06:30:15,2009-05-16T18:55:25,0.74,Partially cloudy,Partly cloudy throughout the day.,partly-cloudy-day,"65210099999,65201099999"
Lagos,2009-05-17,32.5,24.1,27.9,40.8,24.1,30.9,24.3,81.6,0,0,0,,,,31.7,20.5,163.2,1010.7,50.6,9.9,,,,,2009-05-17T06:30:09,2009-05-17T18:55:34,0.75,Partially cloudy,Partly cloudy throughout the day.,partly-cloudy-day,"65210099999,65201099999"
Lagos,2009-05-18,33.3,23.1,28.6,41.2,23.1,32.4,24.3,78.7,0,0,0,,,,24.1,22.3,209.1,1010.7,50.5,9.4,,,,,2009-05-18T06:30:04,2009-05-18T18:55:43,0.8,Partially cloudy,Partly cloudy throughout the day.,partly-cloudy-day,"65210099999,65201099999"
Lagos,2009-05-19,31.7,24.1,26.4,41,24.1,28.6,24,87,0,0,0,,,,77.8,46.4,203.4,1011.5,49.5,8.8,,,,,2009-05-19T06:30:00,2009-05-19T18:55:52,0.84,Partially cloudy,Partly cloudy throughout the day.,partly-cloudy-day,65201099999
Lagos,2009-05-20,32.1,24.1,27.7,39.4,24.1,30.8,24.1,81.8,0,0,0,,,,27.7,24.1,221.7,1011.8,53.9,8.7,,,,,2009-05-20T06:29:57,2009-05-20T18:56:02,0.87,Partially cloudy,Partly cloudy throughout the day.,partly-cloudy-day,"65210099999,65201099999"
Lagos,2009-05-21,32.6,25.1,28.3,39.7,25.1,32,24.6,80.9,0,0,0,,,,29.5,25.9,199.6,1011.4,63.8,10,,,,,2009-05-21T06:29:54,2009-05-21T18:56:13,0.9,Partially cloudy,Partly cloudy throughout the day.,partly-cloudy-day,"65210099999,65201099999"
Lagos,2009-05-22,32.6,24.1,28.4,39,24.1,32.2,24.5,80.6,0,0,0,,,,33.5,22.3,207.7,1011.7,61.9,10,,,,,2009-05-22T06:29:52,2009-05-22T18:56:24,0.93,Partially cloudy,Partly cloudy throughout the day.,partly-cloudy-day,"65210099999,65201099999"
Lagos,2009-05-23,33.2,25.1,28.9,40.3,25.1,32.8,24.8,79.6,0,0,0,,,,40.7,20.5,209.7,1012.8,50.1,10,,,,,2009-05-23T06:29:51,2009-05-23T18:56:35,0.97,Partially cloudy,Partly cloudy throughout the day.,partly-cloudy-day,"65210099999,65201099999"
Lagos,2009-05-24,32,25.1,27.7,40.2,25.1,31.3,24.8,84.6,7.1,100,4.17,rain,,,16.6,20.5,226.9,1011.8,47,9.9,,,,,2009-05-24T06:29:50,2009-05-24T18:56:46,0,"Rain, Partially cloudy",Partly cloudy throughout the day with late afternoon rain.,rain,"65210099999,65201099999"
Lagos,2009-05-25,28.1,22.1,25.9,32.6,22.1,27.7,24,89.4,42.2,100,8.33,rain,,,96.5,92.5,79.2,1012.1,71.7,9,,,,,2009-05-25T06:29:50,2009-05-25T18:56:58,0.03,"Rain, Partially cloudy",Partly cloudy throughout the day with rain in the morning and afternoon.,rain,"65210099999,65201099999"
Lagos,2009-05-26,32.1,24.1,27.8,37.7,24.1,30.3,23.7,79.6,4.1,100,4.17,rain,,,29.5,18.4,130.5,1011.4,50.7,10.2,,,,,2009-05-26T06:29:51,2009-05-26T18:57:10,0.07,"Rain, Partially cloudy",Partly cloudy throughout the day with morning rain.,rain,"65210099999,65201099999"
Lagos,2009-05-27,32.2,23.1,27.8,38.9,23.1,30.8,23.8,79.9,0,0,0,,,,29.5,18.4,197.3,1010.8,38.3,8.4,,,,,2009-05-27T06:29:52,2009-05-27T18:57:22,0.1,Partially cloudy,Partly cloudy throughout the day.,partly-cloudy-day,"65210099999,65201099999"
Lagos,2009-05-28,33.1,25.1,28.7,40.7,25.1,32.8,24.9,80.9,0,0,0,,,,24.1,20.5,207.7,1010.4,47.6,9.6,,,,,2009-05-28T06:29:54,2009-05-28T18:57:35,0.14,Partially cloudy,Partly cloudy throughout the day.,partly-cloudy-day,"65210099999,65201099999"
Lagos,2009-05-29,31.1,22.1,27.8,40.2,22.1,32,25.1,85.7,0,0,0,,,,25.9,51.8,229,1010.7,55.4,9.9,,,,,2009-05-29T06:29:57,2009-05-29T18:57:48,0.17,Partially cloudy,Partly cloudy throughout the day.,wind,"65210099999,65201099999"
Lagos,2009-05-30,29.5,22.8,25.5,34.3,22.8,26.9,23,86.6,49,100,8.33,rain,,,16.6,14.8,219.1,1012.3,80.8,8.4,,,,,2009-05-30T06:30:00,2009-05-30T18:58:01,0.21,"Rain, Partially cloudy",Partly cloudy throughout the day with rain clearing later.,rain,"65210099999,65201099999"
Lagos,2009-05-31,32.2,23.1,27.2,38.3,23.1,29.8,23.7,82.4,0,0,0,,,,22.3,18.4,164.6,1012.4,49.7,9,,,,,2009-05-31T06:30:04,2009-05-31T18:58:14,0.25,Partially cloudy,Partly cloudy throughout the day.,partly-cloudy-day,"65210099999,65201099999"
Lagos,2009-06-01,31.6,24.1,27.7,39.4,24.1,31.4,25,85.9,0,0,0,,,,22.3,22.3,207.4,1012.3,59.3,9.1,,,,,2009-06-01T06:30:08,2009-06-01T18:58:28,0.28,Partially cloudy,Partly cloudy throughout the day.,partly-cloudy-day,"65210099999,65201099999"
Lagos,2009-06-02,32.1,25.1,28.5,40.2,25.1,32.7,24.8,81.2,0,0,0,,,,25.9,34.6,187.7,1012.3,62.9,9.3,,,,,2009-06-02T06:30:13,2009-06-02T18:58:42,0.31,Partially cloudy,Partly cloudy throughout the day.,partly-cloudy-day,"65210099999,65201099999"
Lagos,2009-06-03,32.2,25.4,28.7,40.3,25.4,33.2,24.7,79.4,0,0,0,,,,29.5,27.4,192,1012.7,54.6,9.8,,,,,2009-06-03T06:30:19,2009-06-03T18:58:55,0.35,Partially cloudy,Partly cloudy throughout the day.,partly-cloudy-day,"65210099999,65201099999"
Lagos,2009-06-04,31.1,25,27.9,37.7,25,30.7,24.1,81.1,7.9,100,4.17,rain,,,24.1,24.1,181.6,1013.6,78.7,9.9,,,,,2009-06-04T06:30:25,2009-06-04T18:59:10,0.38,"Rain, Partially cloudy",Partly cloudy throughout the day with morning rain.,rain,"65210099999,65201099999"
Lagos,2009-06-05,31.1,23.1,26.5,36.7,23.1,28.6,24,86.6,15,100,4.17,rain,,,24.1,92.5,90.5,1014.2,61.3,8.5,,,,,2009-06-05T06:30:32,2009-06-05T18:59:24,0.42,"Rain, Partially cloudy",Partly cloudy throughout the day with morning rain.,rain,"65210099999,65201099999"
Lagos,2009-06-06,32.1,22.7,26.7,38,22.7,29.1,23.6,83.6,38.1,100,8.33,rain,,,18.4,14.8,212.9,1013.7,61.8,9.3,,,,,2009-06-06T06:30:39,2009-06-06T18:59:38,0.45,"Rain, Partially cloudy",Partly cloudy throughout the day with rain clearing later.,rain,"65210099999,65201099999"
Lagos,2009-06-07,32.4,25.1,28,40.6,25.1,31.2,24.6,82.7,0,0,0,,,,20.5,14.8,229.2,1012.7,60,9.9,,,,,2009-06-07T06:30:47,2009-06-07T18:59:52,0.5,Partially cloudy,Partly cloudy throughout the day.,partly-cloudy-day,"65210099999,65201099999"
Lagos,2009-06-08,31.7,25.1,27.9,38.8,25.1,31.3,24.7,83.2,0,0,0,,,,22.3,18.4,212.4,1011.6,52.2,9.9,,,,,2009-06-08T06:30:55,2009-06-08T19:00:07,0.52,Partially cloudy,Partly cloudy throughout the day.,partly-cloudy-day,"65210099999,65201099999"
Lagos,2009-06-09,31.7,24.1,27.1,39,24.1,29.1,24.1,84.5,0,0,0,,,,24.1,20.3,231.6,1011.3,64.1,10.7,,,,,2009-06-09T06:31:04,2009-06-09T19:00:21,0.56,Partially cloudy,Partly cloudy throughout the day.,partly-cloudy-day,"65210099999,65201099999"
Lagos,2009-06-10,33.1,23.7,27.5,37.6,23.7,30.2,23.4,79.5,0,0,0,,,,22.3,18.4,197.1,1011.9,50.2,7.2,,,,,2009-06-10T06:31:14,2009-06-10T19:00:36,0.59,Partially cloudy,Partly cloudy throughout the day.,partly-cloudy-day,"65210099999,65201099999"
Lagos,2009-06-11,27.1,24.1,25.2,30.8,24.1,25.5,23.7,91.7,9.9,100,8.33,rain,,,22.3,13,303.9,1012.9,68.2,6.6,,,,,2009-06-11T06:31:23,2009-06-11T19:00:50,0.62,"Rain, Partially cloudy",Partly cloudy throughout the day with rain.,rain,"65210099999,65201099999"
Lagos,2009-06-12,31.1,23,26.4,37.2,23,28.3,23.5,84.8,0,0,0,,,,16.6,13.1,232.4,1013.2,57.6,7.4,,,,,2009-06-12T06:31:33,2009-06-12T19:01:05,0.66,Partially cloudy,Partly cloudy throughout the day.,partly-cloudy-day,"65210099999,65201099999"
Lagos,2009-06-13,30.2,23.1,26.1,35.9,23.1,27.5,23.6,87,19.1,100,8.33,rain,,,18.4,14.8,219.5,1013.8,59.1,8.3,,,,,2009-06-13T06:31:44,2009-06-13T19:01:19,0.69,"Rain, Partially cloudy",Partly cloudy throughout the day with rain clearing later.,rain,"65210099999,65201099999"
Lagos,2009-06-14,31.1,23.1,26.7,38.2,23.1,28.9,23.5,83.2,0,0,0,,,,24.1,18.2,188.1,1014.1,54.3,9.8,,,,,2009-06-14T06:31:55,2009-06-14T19:01:33,0.72,Partially cloudy,Partly cloudy throughout the day.,partly-cloudy-day,"65210099999,65201099999"
Lagos,2009-06-15,30.2,22.1,26.2,36.3,22.1,28.3,23.9,87.8,55.9,100,4.17,rain,,,25.9,27.7,188.9,1013.2,66.7,9.1,,,,,2009-06-15T06:32:06,2009-06-15T19:01:47,0.75,"Rain, Partially cloudy",Partly cloudy throughout the day with late afternoon rain.,rain,"65210099999,65201099999"
Lagos,2009-06-16,27.1,22.7,25,29.7,22.7,25.3,23.1,89.3,5.1,100,4.17,rain,,,25.9,14.8,311.7,1013.5,57.9,8.4,,,,,2009-06-16T06:32:18,2009-06-16T19:02:01,0.79,"Rain, Partially cloudy",Partly cloudy throughout the day with early morning rain.,rain,"65210099999,65201099999"
Lagos,2009-06-17,28.6,24.1,25.6,33.5,24.1,26.4,23.8,90,3,100,4.17,rain,,,14.8,11.4,232.5,1013.7,56.7,6.8,,,,,2009-06-17T06:32:30,2009-06-17T19:02:15,0.82,"Rain, Partially cloudy",Partly cloudy throughout the day with afternoon rain.,rain,"65210099999,65201099999"
Lagos,2009-06-18,30.6,23.7,26.5,37.2,23.7,28.7,24.1,87.3,0,0,0,,,,13,11.2,241.9,1012.9,62.9,8.6,,,,,2009-06-18T06:32:42,2009-06-18T19:02:29,0.86,Partially cloudy,Partly cloudy throughout the day.,partly-cloudy-day,"65210099999,65201099999"
Lagos,2009-06-19,31.1,24.1,26.2,37.9,24.1,27.7,23.8,86.7,0,0,0,,,,48.2,33.5,187.9,1012.3,60.9,9.3,,,,,2009-06-19T06:32:54,2009-06-19T19:02:43,0.89,Partially cloudy,Partly cloudy throughout the day.,partly-cloudy-day,"65210099999,65201099999"
Lagos,2009-06-20,29.1,23.7,26.1,33.7,23.7,27.4,23.3,85.6,2,100,4.17,rain,,,18.4,14.8,150.3,1013.3,57.5,8.1,,,,,2009-06-20T06:33:07,2009-06-20T19:02:56,0.92,"Rain, Partially cloudy",Partly cloudy throughout the day with morning rain.,rain,"65210099999,65201099999"
Lagos,2009-06-21,29.1,23.9,25.5,34.5,23.9,26.2,24,91.9,36.1,100,12.5,rain,,,13,13,282,1014,73.5,7.6,,,,,2009-06-21T06:33:20,2009-06-21T19:03:09,0.95,"Rain, Partially cloudy",Partly cloudy throughout the day with rain.,rain,"65210099999,65201099999"
Lagos,2009-06-22,31.4,22.7,26.5,37.2,22.7,28,23.3,83.4,29,100,4.17,rain,,,20.5,16.6,285.5,1014.5,54.6,9.2,,,,,2009-06-22T06:33:33,2009-06-22T19:03:22,0,"Rain, Partially cloudy",Partly cloudy throughout the day with morning rain.,rain,"65210099999,65201099999"
Lagos,2009-06-23,31.2,23.1,27.3,37.3,23.1,29.9,23.8,81.8,0,0,0,,,,22.3,18.4,200.9,1013.5,51.7,8.4,,,,,2009-06-23T06:33:46,2009-06-23T19:03:34,0.02,Partially cloudy,Partly cloudy throughout the day.,partly-cloudy-day,"65210099999,65201099999"
Lagos,2009-06-24,29.2,23.1,26.5,34,23.1,28.4,23.4,83.7,3,100,4.17,rain,,,70.6,44.3,166,1013.1,68.2,9.5,,,,,2009-06-24T06:34:00,2009-06-24T19:03:46,0.06,"Rain, Partially cloudy",Partly cloudy throughout the day with morning rain.,rain,"65210099999,65201099999"
Lagos,2009-06-25,27.1,24.1,25.8,30.8,24.1,26.6,24.4,91.9,7.1,100,12.5,rain,,,33.5,25.9,226.3,1013.6,79.5,7.7,,,,,2009-06-25T06:34:13,2009-06-25T19:03:58,0.09,"Rain, Partially cloudy",Partly cloudy throughout the day with rain.,rain,"65210099999,65201099999"
Lagos,2009-06-26,26.1,22.7,24.1,26.1,22.7,24.1,22.8,92.7,149.1,100,8.33,rain,,,46.4,46.4,288.2,1013.8,71.8,6.9,,,,,2009-06-26T06:34:27,2009-06-26T19:04:10,0.12,"Rain, Partially cloudy",Partly cloudy throughout the day with rain in the morning and afternoon.,rain,"65210099999,65201099999"
Lagos,2009-06-27,28.1,22.1,24.2,31.4,22.1,24.6,22.4,89.9,9.9,100,4.17,rain,,,16.6,13,250.9,1014.7,51.3,8.4,,,,,2009-06-27T06:34:41,2009-06-27T19:04:21,0.16,"Rain, Partially cloudy",Partly cloudy throughout the day with morning rain.,rain,"65210099999,65201099999"
Lagos,2009-06-28,29.1,21.1,25.5,34.2,21.1,26.6,22.6,84.7,38.1,100,4.17,rain,,,22.3,20.5,321.5,1014.7,61.4,9.9,,,,,2009-06-28T06:34:55,2009-06-28T19:04:31,0.19,"Rain, Partially cloudy",Partly cloudy throughout the day with morning rain.,rain,65201099999
Lagos,2009-06-29,29.1,22.1,24.9,33.6,22.1,25.9,22.6,87.5,0,0,0,,,,29.5,20.5,221.6,1014.5,65.8,9.4,,,,,2009-06-29T06:35:08,2009-06-29T19:04:42,0.25,Partially cloudy,Partly cloudy throughout the day.,partly-cloudy-day,"65210099999,65201099999"
Lagos,2009-06-30,26.1,22.8,24,26.1,22.8,24,22.7,92.7,39.9,100,8.33,rain,,,63,55.4,118.7,1014.7,72.1,7.8,,,,,2009-06-30T06:35:22,2009-06-30T19:04:51,0.26,"Rain, Partially cloudy",Partly cloudy throughout the day with rain.,rain,"65210099999,65201099999"
Lagos,2009-07-01,28.7,22.1,25,32.1,22.1,26.2,22.9,88.5,0,0,0,,,,16.6,13,244.7,1015,66.8,8.1,,,,,2009-07-01T06:35:36,2009-07-01T19:05:01,0.3,Partially cloudy,Partly cloudy throughout the day.,partly-cloudy-day,"65210099999,65201099999"
Lagos,2009-07-02,29.1,22.1,25,32.9,22.1,25.9,23.3,90.2,0,0,0,,,,11.2,14.8,286.9,1014.7,64.1,7.1,,,,,2009-07-02T06:35:50,2009-07-02T19:05:09,0.33,Partially cloudy,Partly cloudy throughout the day.,partly-cloudy-day,"65210099999,65201099999"
Lagos,2009-07-03,30.2,23.1,26.8,36.3,23.1,29.4,24.2,86.4,0,0,0,,,,14.8,14.8,212.6,1014.2,56,8.4,,,,,2009-07-03T06:36:04,2009-07-03T19:05:18,0.37,Partially cloudy,Partly cloudy throughout the day.,partly-cloudy-day,"65210099999,65201099999"
Lagos,2009-07-04,30.2,24.1,27.6,35.7,24.1,30.3,23.7,80.3,0,0,0,,,,16.6,13,186.8,1013.3,68.8,9.7,,,,,2009-07-04T06:36:17,2009-07-04T19:05:26,0.4,Partially cloudy,Partly cloudy throughout the day.,partly-cloudy-day,"65210099999,65201099999"
Lagos,2009-07-05,30.3,24.1,26.9,36,24.1,28.8,23.9,84.8,0,0,0,,,,18.4,20.5,225.7,1012.7,53.4,8.6,,,,,2009-07-05T06:36:31,2009-07-05T19:05:33,0.43,Partially cloudy,Partly cloudy throughout the day.,partly-cloudy-day,"65210099999,65201099999"
Lagos,2009-07-06,29.1,24.1,25.9,33.7,24.1,26.5,24.1,90.1,10.9,100,4.17,rain,,,20.5,16.6,242.6,1012.1,74.2,8.1,,,,,2009-07-06T06:36:44,2009-07-06T19:05:40,0.47,"Rain, Partially cloudy",Partly cloudy throughout the day with late afternoon rain.,rain,"65210099999,65201099999"
Lagos,2009-07-07,28.1,24.1,25.5,32.1,24.1,26.1,23.8,90.4,0,0,0,,,,20.5,12.9,242.7,1012.5,52.6,8.4,,,,,2009-07-07T06:36:57,2009-07-07T19:05:46,0.5,Partially cloudy,Partly cloudy throughout the day.,partly-cloudy-day,"65210099999,65201099999"
Lagos,2009-07-08,27.1,22.1,24.6,29.7,22.1,24.9,22.8,90,26.9,100,8.33,rain,,,14.8,13,296.6,1012.8,80.9,8.2,,,,,2009-07-08T06:37:11,2009-07-08T19:05:51,0.54,"Rain, Partially cloudy",Partly cloudy throughout the day with rain in the morning and afternoon.,rain,"65210099999,65201099999"
Lagos,2009-07-09,29.4,23,25.7,33.8,23,26.8,23,85.3,0,0,0,,,,16.6,14.8,245,1013.9,60.1,10.7,,,,,2009-07-09T06:37:23,2009-07-09T19:05:56,0.57,Partially cloudy,Partly cloudy throughout the day.,partly-cloudy-day,"65210099999,65201099999"
Lagos,2009-07-10,27.1,23.1,24.8,30.2,23.1,24.9,23.4,92.4,5.1,100,4.17,rain,,,14.8,18.4,247.6,1013.9,76.1,7.3,,,,,2009-07-10T06:37:36,2009-07-10T19:06:00,0.6,"Rain, Partially cloudy",Partly cloudy throughout the day with afternoon rain.,rain,"65210099999,65201099999"
Lagos,2009-07-11,26.1,23.1,24.5,26.1,23.1,24.5,23.2,92.6,36.8,100,12.5,rain,,,13,9.4,274.7,1015.1,80.5,7.1,,,,,2009-07-11T06:37:49,2009-07-11T19:06:04,0.64,"Rain, Partially cloudy",Partly cloudy throughout the day with a chance of rain throughout the day.,rain,"65210099999,65201099999"
Lagos,2009-07-12,26.7,23.1,24.6,29.6,23.1,24.8,23.2,91.9,2,100,4.17,rain,,,16.6,14.8,259.4,1015.6,78.3,7.8,,,,,2009-07-12T06:38:01,2009-07-12T19:06:07,0.67,"Rain, Partially cloudy",Partly cloudy throughout the day with afternoon rain.,rain,"65210099999,65201099999"
Lagos,2009-07-13,27.7,23.1,24.6,31.7,23.1,24.8,22.8,90.3,99.1,100,4.17,rain,,,16.6,14.1,262.1,1014.9,52.5,8,,,,,2009-07-13T06:38:13,2009-07-13T19:06:09,0.71,"Rain, Partially cloudy",Partly cloudy throughout the day with late afternoon rain.,rain,"65210099999,65201099999"
Lagos,2009-07-14,27.9,23.1,25,31.9,23.1,25.5,23.3,90.7,3,100,4.17,rain,,,31.7,27.7,235.2,1014.9,81.7,7.9,,,,,2009-07-14T06:38:24,2009-07-14T19:06:11,0.74,"Rain, Partially cloudy",Partly cloudy throughout the day with early morning rain.,rain,"65210099999,65201099999"
Lagos,2009-07-15,30.1,23.1,26,34.3,23.1,27.4,23,84.5,0,0,0,,,,18.4,14.8,234.4,1015.8,50.2,9.5,,,,,2009-07-15T06:38:36,2009-07-15T19:06:12,0.75,Partially cloudy,Partly cloudy throughout the day.,partly-cloudy-day,"65210099999,65201099999"
Lagos,2009-07-16,29.5,24.1,25.8,35,24.1,26.9,23.6,88,17,100,4.17,rain,,,16.6,18.4,239.6,1015.4,59.6,9,,,,,2009-07-16T06:38:47,2009-07-16T19:06:12,0.81,"Rain, Partially cloudy",Partly cloudy throughout the day with late afternoon rain.,rain,"65210099999,65201099999"
Lagos,2009-07-17,,,,,,,,,,,0,,,,,0,,,,,,,,,2009-07-17T06:38:57,2009-07-17T19:06:12,0.84,,,,
Lagos,2009-07-18,,,,,,,,,,,0,,,,,0,,,,,,,,,2009-07-18T06:39:08,2009-07-18T19:06:11,0.88,,,,
Lagos,2009-07-19,,,,,,,,,,,0,,,,,0,,,,,,,,,2009-07-19T06:39:17,2009-07-19T19:06:09,0.91,,,,
Lagos,2009-07-20,,,,,,,,,,,0,,,,,0,,,,,,,,,2009-07-20T06:39:27,2009-07-20T19:06:06,0.94,,,,
Lagos,2009-07-21,28.1,25.1,26.5,31.5,25.1,27.7,23.6,84.4,0,0,0,,,,22.3,18.4,226.7,1014,76.4,10.6,,,,,2009-07-21T06:39:36,2009-07-21T19:06:03,0.98,Partially cloudy,Partly cloudy throughout the day.,partly-cloudy-day,"65210099999,65201099999"
Lagos,2009-07-22,29.2,24.1,26.3,34.2,24.1,27.6,23.6,85.6,0,0,0,,,,22.3,18.4,224.5,1013.6,72.6,9.8,,,,,2009-07-22T06:39:45,2009-07-22T19:05:59,0,Partially cloudy,Partly cloudy throughout the day.,partly-cloudy-day,"65210099999,65201099999"
Lagos,2009-07-23,28.1,24.1,25.8,32.1,24.1,26.8,23.6,87.6,0,0,0,,,,22.3,18.4,246.1,1013.3,62.6,9.3,,,,,2009-07-23T06:39:53,2009-07-23T19:05:54,0.05,Partially cloudy,Partly cloudy throughout the day.,partly-cloudy-day,"65210099999,65201099999"
Lagos,2009-07-24,26.1,24.1,24.6,26.1,24.1,24.6,23.4,93.3,0,0,0,,,,9.4,7.6,229.6,1013.5,47,9.7,,,,,2009-07-24T06:40:01,2009-07-24T19:05:49,0.08,Partially cloudy,Partly cloudy throughout the day.,partly-cloudy-day,"65210099999,65201099999"
Lagos,2009-07-25,,,,,,,,,,,0,,,,,0,,,,,,,,,2009-07-25T06:40:09,2009-07-25T19:05:42,0.11,,,,
Lagos,2009-07-26,,,,,,,,,,,0,,,,,0,,,,,,,,,2009-07-26T06:40:16,2009-07-26T19:05:35,0.15,,,,
Lagos,2009-07-27,26.6,24.1,25.5,26.6,24.1,25.5,22.1,81.4,0,0,0,,,,22.3,16.6,242.9,1013.8,76.4,10.7,,,,,2009-07-27T06:40:22,2009-07-27T19:05:28,0.18,Partially cloudy,Partly cloudy throughout the day.,partly-cloudy-day,"65210099999,65201099999"
Lagos,2009-07-28,28.1,23.7,25.1,31.4,23.7,25.7,22.2,84.3,0,0,0,,,,22.3,22.3,243,1014.6,70,10.2,,,,,2009-07-28T06:40:29,2009-07-28T19:05:19,0.25,Partially cloudy,Partly cloudy throughout the day.,partly-cloudy-day,"65210099999,65201099999"
Lagos,2009-07-29,28.7,23,25.4,32.5,23,26.3,21.4,79.4,0,0,0,,,,27.7,25.4,246.1,1014.9,59.5,10.8,,,,,2009-07-29T06:40:34,2009-07-29T19:05:10,0.25,Partially cloudy,Partly cloudy throughout the day.,partly-cloudy-day,"65210099999,65201099999"
Lagos,2009-07-30,28.4,23.4,25.6,31.7,23.4,26.3,22.4,82.8,0,0,0,,,,27.7,24.1,231.1,1014.2,68.2,10.6,,,,,2009-07-30T06:40:39,2009-07-30T19:05:00,0.28,Partially cloudy,Partly cloudy throughout the day.,partly-cloudy-day,"65210099999,65201099999"
Lagos,2009-07-31,27.1,24.1,25.3,29.3,24.1,25.4,22.5,84.8,0,0,0,,,,40.7,20.5,237.2,1014.1,81.8,10,,,,,2009-07-31T06:40:44,2009-07-31T19:04:49,0.31,Partially cloudy,Partly cloudy throughout the day.,partly-cloudy-day,"65210099999,65201099999"
Lagos,2009-08-01,29.1,23.4,25.6,32.1,23.4,26.4,22.7,84.7,0,0,0,,,,22.3,32.4,234.5,1014.8,70.9,9.7,,,,,2009-08-01T06:40:48,2009-08-01T19:04:38,0.35,Partially cloudy,Partly cloudy throughout the day.,partly-cloudy-day,"65210099999,65201099999"
Lagos,2009-08-02,28.1,23.1,25.3,30.8,23.1,26,22.2,83.7,0,0,0,,,,18.4,18.4,243.9,1014.8,72.2,10.4,,,,,2009-08-02T06:40:52,2009-08-02T19:04:25,0.38,Partially cloudy,Partly cloudy throughout the day.,partly-cloudy-day,"65210099999,65201099999"
Lagos,2009-08-03,27.7,23.1,24.7,30.9,23.1,25.2,21.9,84.9,0,0,0,,,,24.1,22.3,241.6,1014.4,62.5,10.7,,,,,2009-08-03T06:40:56,2009-08-03T19:04:13,0.41,Partially cloudy,Partly cloudy throughout the day.,partly-cloudy-day,"65210099999,65201099999"
Lagos,2009-08-04,28,23.1,25,31.3,23.1,25.5,22.4,85.7,0,0,0,,,,18.4,14.8,238.9,1014.6,73.5,10.7,,,,,2009-08-04T06:40:58,2009-08-04T19:03:59,0.45,Partially cloudy,Partly cloudy throughout the day.,partly-cloudy-day,"65210099999,65201099999"
Lagos,2009-08-05,27.1,23.1,24.8,29.9,23.1,25.1,22.5,87.2,0,0,0,,,,20.5,14.8,233.4,1014.4,74.6,9.2,,,,,2009-08-05T06:41:01,2009-08-05T19:03:45,0.48,Partially cloudy,Partly cloudy throughout the day.,partly-cloudy-day,"65210099999,65201099999"
Lagos,2009-08-06,27.1,23.1,24.9,29.7,23.1,25.1,22.3,85.3,0,0,0,,,,22.3,18.4,235.5,1014.4,75,10.7,,,,,2009-08-06T06:41:02,2009-08-06T19:03:29,0.5,Partially cloudy,Partly cloudy throughout the day.,partly-cloudy-day,"65210099999,65201099999"
Lagos,2009-08-07,29,23.1,25.4,33.1,23.1,26.3,22.3,83.4,0,0,0,,,,20.5,16.6,243.4,1014.8,62.1,10.2,,,,,2009-08-07T06:41:04,2009-08-07T19:03:14,0.55,Partially cloudy,Partly cloudy throughout the day.,partly-cloudy-day,"65210099999,65201099999"
Lagos,2009-08-08,29.9,23.1,25.9,34.5,23.1,27.2,22.3,81.2,0,0,0,,,,29.5,25.9,232.7,1014.2,52.6,10.7,,,,,2009-08-08T06:41:05,2009-08-08T19:02:57,0.58,Partially cloudy,Partly cloudy throughout the day.,partly-cloudy-day,65201099999
Lagos,2009-08-09,27.3,24.1,25,30.4,24.1,25.3,22.5,86,0,0,0,,,,24.1,20.5,230.6,1013.3,76.7,10.6,,,,,2009-08-09T06:41:05,2009-08-09T19:02:40,0.62,Partially cloudy,Partly cloudy throughout the day.,partly-cloudy-day,"65210099999,65201099999"
Lagos,2009-08-10,29.2,23.1,25.5,32.1,23.1,26.2,22.4,83.5,0,0,0,,,,18.4,18.4,235.5,1013.6,67.6,9.8,,,,,2009-08-10T06:41:05,2009-08-10T19:02:22,0.65,Partially cloudy,Partly cloudy throughout the day.,partly-cloudy-day,"65210099999,65201099999"
Lagos,2009-08-11,28.6,23.9,25.3,30.8,23.9,25.7,22.3,83.9,0,0,0,,,,20.5,18.4,235,1014.8,73.8,10.7,,,,,2009-08-11T06:41:04,2009-08-11T19:02:04,0.69,Partially cloudy,Partly cloudy throughout the day.,partly-cloudy-day,"65210099999,65201099999"
Lagos,2009-08-12,27.3,23.6,25.2,30,23.6,25.6,22.2,83.6,0,0,0,,,,24.1,20.5,233.8,1014.3,71.7,10.7,,,,,2009-08-12T06:41:03,2009-08-12T19:01:45,0.72,Partially cloudy,Partly cloudy throughout the day.,partly-cloudy-day,"65210099999,65201099999"
Lagos,2009-08-13,27.3,23.1,24.8,30,23.1,25,22.2,86,0,0,0,,,,38.9,34.4,239.7,1013.5,75.2,10.4,,,,,2009-08-13T06:41:02,2009-08-13T19:01:25,0.75,Partially cloudy,Partly cloudy throughout the day.,partly-cloudy-day,"65210099999,65201099999"
Lagos,2009-08-14,28.5,23.6,24.7,35,23.6,24.9,22.5,88,0,0,0,,,,24.1,20.5,234.7,1013.6,75.8,10.3,,,,,2009-08-14T06:41:00,2009-08-14T19:01:05,0.79,Partially cloudy,Partly cloudy throughout the day.,partly-cloudy-day,"65210099999,65201099999"
Lagos,2009-08-15,29.2,22.9,24.8,33.1,22.9,25.4,22.5,87.6,0,0,0,,,,16.6,16.6,232.3,1014,69.5,8.4,,,,,2009-08-15T06:40:57,2009-08-15T19:00:44,0.83,Partially cloudy,Partly cloudy throughout the day.,partly-cloudy-day,"65210099999,65201099999"
Lagos,2009-08-16,29.4,22.9,25.2,33.1,22.9,25.9,22.1,84,0,0,0,,,,24.1,20.5,234.3,1013.8,71.3,9.9,,,,,2009-08-16T06:40:55,2009-08-16T19:00:22,0.86,Partially cloudy,Partly cloudy throughout the day.,partly-cloudy-day,"65210099999,65201099999"
Lagos,2009-08-17,27.1,24.1,25.1,29.3,24.1,25.2,22.4,85.1,0,0,0,,,,24.1,20.5,227.6,1013.2,84.8,10.7,,,,,2009-08-17T06:40:51,2009-08-17T19:00:00,0.9,Partially cloudy,Partly cloudy throughout the day.,partly-cloudy-day,"65210099999,65201099999"
Lagos,2009-08-18,28.4,24.1,25.5,31.7,24.1,26.3,22.6,84.6,0,0,0,,,,37.1,33.5,226.3,1012.9,68.8,10.7,,,,,2009-08-18T06:40:47,2009-08-18T18:59:37,0.93,Partially cloudy,Partly cloudy throughout the day.,partly-cloudy-day,"65210099999,65201099999"
Lagos,2009-08-19,28.9,23.1,25.2,32.8,23.1,26.1,22.6,85.8,99.1,100,4.17,rain,,,24.1,20.5,233,1013.1,73,10.3,,,,,2009-08-19T06:40:43,2009-08-19T18:59:14,0.97,"Rain, Partially cloudy",Partly cloudy throughout the day with morning rain.,rain,"65210099999,65201099999"
Lagos,2009-08-20,28.1,23.1,24.8,31.2,23.1,25.2,22.6,88,10.9,100,4.17,rain,,,18.4,14.8,228.1,1013.2,71.4,10.1,,,,,2009-08-20T06:40:39,2009-08-20T18:58:50,0,"Rain, Partially cloudy",Partly cloudy throughout the day with afternoon rain.,rain,"65210099999,65201099999"
Lagos,2009-08-21,29.8,23.1,25.6,34,23.1,26.7,22.7,84.8,0,0,0,,,,20.5,16.6,223.4,1012.6,67.9,10.8,,,,,2009-08-21T06:40:34,2009-08-21T18:58:25,0.03,Partially cloudy,Partly cloudy throughout the day.,partly-cloudy-day,"65210099999,65201099999"
Lagos,2009-08-22,28.2,23.1,25.5,32,23.1,26.4,22.6,84.2,0,0,0,,,,24.1,20.5,230.8,1012.7,58.4,10.7,,,,,2009-08-22T06:40:28,2009-08-22T18:58:01,0.07,Partially cloudy,Partly cloudy throughout the day.,partly-cloudy-day,"65210099999,65201099999"
Lagos,2009-08-23,29.5,23.1,25.4,34.2,23.1,26.2,22.7,85.4,0,0,0,,,,29.5,24.1,222.4,1013,62.9,10.4,,,,,2009-08-23T06:40:23,2009-08-23T18:57:35,0.1,Partially cloudy,Partly cloudy throughout the day.,partly-cloudy-day,"65210099999,65201099999"
Lagos,2009-08-24,29.3,23.1,25.7,33.7,23.1,26.9,22.8,84.4,0,0,0,,,,27.7,14.8,238.1,1012.7,61.3,10.7,,,,,2009-08-24T06:40:17,2009-08-24T18:57:09,0.13,Partially cloudy,Partly cloudy throughout the day.,partly-cloudy-day,"65210099999,65201099999"
Lagos,2009-08-25,29.1,23.9,25.5,32.9,23.9,26.1,22.9,86.1,0,0,0,,,,24.1,20.8,215.1,1012.5,68.7,10.1,,,,,2009-08-25T06:40:10,2009-08-25T18:56:43,0.17,Partially cloudy,Partly cloudy throughout the day.,partly-cloudy-day,"65210099999,65201099999"
Lagos,2009-08-26,30.3,23.8,26.4,35.2,23.8,27.8,23,82.3,0,0,0,,,,22.3,18.4,221,1013.1,68.8,10.7,,,,,2009-08-26T06:40:03,2009-08-26T18:56:16,0.2,Partially cloudy,Partly cloudy throughout the day.,partly-cloudy-day,"65210099999,65201099999"
Lagos,2009-08-27,30.5,23.8,26.5,34.9,23.8,27.8,22.9,81.4,0,0,0,,,,24.1,20.5,233.3,1013.6,65.5,10.7,,,,,2009-08-27T06:39:56,2009-08-27T18:55:49,0.25,Partially cloudy,Partly cloudy throughout the day.,partly-cloudy-day,"65210099999,65201099999"
Lagos,2009-08-28,28.1,23.6,25.2,31.4,23.6,25.6,22.8,87.3,0.3,100,4.17,rain,,,29.5,25.9,233.5,1012.8,69.6,10.5,,,,,2009-08-28T06:39:49,2009-08-28T18:55:21,0.26,"Rain, Partially cloudy",Partly cloudy throughout the day with late afternoon rain.,rain,"65210099999,65201099999"
Lagos,2009-08-29,28.8,23.9,25.6,32.3,23.9,26.1,22.7,84.5,0,0,0,,,,27.7,20.5,227.6,1012.6,90,9.9,,,,,2009-08-29T06:39:41,2009-08-29T18:54:53,0.3,Partially cloudy,Partly cloudy throughout the day.,partly-cloudy-day,"65210099999,65201099999"
Lagos,2009-08-30,30.1,23.1,25.7,34.1,23.1,26.7,22.6,83.9,0,0,0,,,,18.4,14.8,241.1,1014.2,59.2,9.4,,,,,2009-08-30T06:39:33,2009-08-30T18:54:25,0.33,Partially cloudy,Partly cloudy throughout the day.,partly-cloudy-day,"65210099999,65201099999"
Lagos,2009-08-31,26.2,24.4,25.1,26.2,24.4,25.1,22.8,86.8,0,0,0,,,,18.4,13,225,1014.9,50.9,10.2,,,,,2009-08-31T06:39:24,2009-08-31T18:53:56,0.36,Partially cloudy,Clearing in the afternoon.,partly-cloudy-day,"65210099999,65201099999"
Lagos,2009-09-01,27.1,24.1,25.6,29.3,24.1,25.9,22.4,82.9,0,0,0,,,,14.8,13,207.7,1014.4,61.4,10.6,,,,,2009-09-01T06:39:16,2009-09-01T18:53:27,0.39,Partially cloudy,Becoming cloudy in the afternoon.,partly-cloudy-day,65201099999
Lagos,2009-09-02,30.1,22.1,25.2,33.4,22.1,26,22.6,86,3,100,4.17,rain,,,18.4,13,229.4,1014.9,72.2,8.2,,,,,2009-09-02T06:39:07,2009-09-02T18:52:57,0.43,"Rain, Partially cloudy",Partly cloudy throughout the day with late afternoon rain.,rain,"65210099999,65201099999"
Lagos,2009-09-03,28.1,23.7,25.2,32,23.7,25.6,23.2,88.7,4.1,100,4.17,rain,,,14.8,11.2,241.8,1014.7,65.8,9.2,,,,,2009-09-03T06:38:57,2009-09-03T18:52:27,0.46,"Rain, Partially cloudy",Partly cloudy throughout the day with late afternoon rain.,rain,"65210099999,65201099999"
Lagos,2009-09-04,28.9,23.1,25.7,33.4,23.1,27.1,23.3,87,4.1,100,4.17,rain,,,22.3,17.6,238.8,1014.7,69.3,9.3,,,,,2009-09-04T06:38:48,2009-09-04T18:51:57,0.5,"Rain, Partially cloudy",Partly cloudy throughout the day with morning rain.,rain,"65210099999,65201099999"
Lagos,2009-09-05,26.3,24.1,24.8,26.3,24.1,24.8,23.4,92.2,23.9,100,4.17,rain,,,22.3,18.4,229,1014.7,82.3,8.3,,,,,2009-09-05T06:38:39,2009-09-05T18:51:27,0.53,"Rain, Partially cloudy",Partly cloudy throughout the day with afternoon rain.,rain,"65210099999,65201099999"
Lagos,2009-09-06,28.1,24.1,25.2,31.4,24.1,25.5,23.4,90.2,18,100,8.33,rain,,,16.6,14.8,225.7,1015.7,80.5,8.7,,,,,2009-09-06T06:38:29,2009-09-06T18:50:57,0.56,"Rain, Partially cloudy",Partly cloudy throughout the day with rain.,rain,"65210099999,65201099999"
Lagos,2009-09-07,29.2,23.1,25.9,33.8,23.1,27.2,23.2,85.7,0,0,0,,,,16.6,16.6,225.1,1014.9,72.6,9.2,,,,,2009-09-07T06:38:19,2009-09-07T18:50:26,0.6,Partially cloudy,Partly cloudy throughout the day.,partly-cloudy-day,"65210099999,65201099999"
Lagos,2009-09-08,29.4,23.1,25.5,33.9,23.1,26.8,22.9,86.3,14,100,4.17,rain,,,20.5,17.1,223.7,1013.5,73.9,9.2,,,,,2009-09-08T06:38:09,2009-09-08T18:49:55,0.63,"Rain, Partially cloudy",Partly cloudy throughout the day with late afternoon rain.,rain,"65210099999,65201099999"
Lagos,2009-09-09,30.2,22.7,25.8,35.5,22.7,27.1,23.1,85.6,0,0,0,,,,22.3,16.6,225.9,1012.9,56.7,10.3,,,,,2009-09-09T06:37:58,2009-09-09T18:49:24,0.67,Partially cloudy,Partly cloudy throughout the day.,partly-cloudy-day,"65210099999,65201099999"
Lagos,2009-09-10,28.1,24,25.3,32.1,24,25.9,23.6,90,0,0,0,,,,29.5,25.9,221.2,1013.8,87,9.4,,,,,2009-09-10T06:37:48,2009-09-10T18:48:52,0.71,Partially cloudy,Partly cloudy throughout the day.,partly-cloudy-day,"65210099999,65201099999"
Lagos,2009-09-11,30.1,24,25.9,36.3,24,27.1,23.4,86.7,0,0,0,,,,18.4,18.4,241.4,1013.7,70,10.3,,,,,2009-09-11T06:37:37,2009-09-11T18:48:21,0.74,Partially cloudy,Partly cloudy throughout the day.,partly-cloudy-day,"65210099999,65201099999"
Lagos,2009-09-12,28.6,24.1,25.3,33,24.1,25.9,23.4,89.5,6.1,100,4.17,rain,,,16.6,14.8,240.4,1013.5,70,9.8,,,,,2009-09-12T06:37:27,2009-09-12T18:47:49,0.75,"Rain, Partially cloudy",Partly cloudy throughout the day with afternoon rain.,rain,"65210099999,65201099999"
Lagos,2009-09-13,29.1,23.1,25.3,32.9,23.1,26.1,23.3,89,6.1,100,8.33,rain,,,14.8,11.2,267.4,1014.5,67.4,9.7,,,,,2009-09-13T06:37:16,2009-09-13T18:47:17,0.81,"Rain, Partially cloudy",Partly cloudy throughout the day with rain.,rain,"65210099999,65201099999"
Lagos,2009-09-14,30.1,23.1,25.7,34.4,23.1,26.9,23.1,86,0,0,0,,,,20.5,16.6,234.6,1015,64.2,10.7,,,,,2009-09-14T06:37:05,2009-09-14T18:46:45,0.85,Partially cloudy,Partly cloudy throughout the day.,partly-cloudy-day,"65210099999,65201099999"
Lagos,2009-09-15,27.1,24.1,25.2,29.9,24.1,25.4,23.3,89.7,0,0,0,,,,25.9,22.3,238.2,1014.6,70.5,10.4,,,,,2009-09-15T06:36:55,2009-09-15T18:46:14,0.88,Partially cloudy,Partly cloudy throughout the day.,partly-cloudy-day,"65210099999,65201099999"
Lagos,2009-09-16,28,24.1,25.3,32.9,24.1,26,23.4,89.6,0,0,0,,,,25.9,14.7,230.6,1014.2,66.1,10.8,,,,,2009-09-16T06:36:44,2009-09-16T18:45:42,0.92,Partially cloudy,Partly cloudy throughout the day.,partly-cloudy-day,"65210099999,65201099999"
Lagos,2009-09-17,29.6,23.1,25.8,33.9,23.1,26.9,22.8,84.3,0,0,0,,,,16.6,16.6,219.1,1013.7,59.6,10.8,,,,,2009-09-17T06:36:33,2009-09-17T18:45:10,0.95,Partially cloudy,Partly cloudy throughout the day.,partly-cloudy-day,"65210099999,65201099999"
Lagos,2009-09-18,29.1,23.1,25.5,32.9,23.1,26.4,22.9,85.8,0,0,0,,,,20.5,16.6,229,1013.8,75,11,,,,,2009-09-18T06:36:22,2009-09-18T18:44:38,0,Partially cloudy,Partly cloudy throughout the day.,partly-cloudy-day,"65210099999,65201099999"
Lagos,2009-09-19,29.4,23.1,26,33.5,23.1,27.1,22.8,83.3,0,0,0,,,,27.7,24.1,224.4,1014.2,70.4,11.1,,,,,2009-09-19T06:36:11,2009-09-19T18:44:06,0.02,Partially cloudy,Partly cloudy throughout the day.,partly-cloudy-day,"65210099999,65201099999"
Lagos,2009-09-20,30.1,24.1,26.2,33.4,24.1,27.1,22.8,82.6,0,0,0,,,,31.7,27,236.7,1013.8,68.8,10.7,,,,,2009-09-20T06:36:01,2009-09-20T18:43:34,0.05,Partially cloudy,Partly cloudy throughout the day.,partly-cloudy-day,"65210099999,65201099999"
Lagos,2009-09-21,29.4,23.6,25.9,34.2,23.6,27.1,22.9,84.1,0,0,0,,,,16.6,13,237.9,1013.9,58.4,10.7,,,,,2009-09-21T06:35:50,2009-09-21T18:43:02,0.09,Partially cloudy,Partly cloudy throughout the day.,partly-cloudy-day,"65210099999,65201099999"
Lagos,2009-09-22,30.2,23.1,26,34.6,23.1,27.2,22.8,83.6,0,0,0,,,,18.4,14.8,226.3,1012.6,60.1,10.9,,,,,2009-09-22T06:35:39,2009-09-22T18:42:30,0.12,Partially cloudy,Partly cloudy throughout the day.,partly-cloudy-day,"65210099999,65201099999"
Lagos,2009-09-23,31.1,22.1,26.2,36.6,22.1,27.6,22.7,82,0,0,0,,,,18.4,14.8,215.9,1012.6,61.3,10.8,,,,,2009-09-23T06:35:29,2009-09-23T18:41:59,0.15,Partially cloudy,Partly cloudy throughout the day.,partly-cloudy-day,"65210099999,65201099999"
Lagos,2009-09-24,30.4,23.6,26.9,35.3,23.6,28.7,23.3,81.4,0,0,0,,,,18.4,14.8,209.1,1012.9,59.5,10.6,,,,,2009-09-24T06:35:18,2009-09-24T18:41:27,0.18,Partially cloudy,Partly cloudy throughout the day.,partly-cloudy-day,"65210099999,65201099999"
Lagos,2009-09-25,32.1,22.1,25.4,38,22.1,26.2,22.5,84.6,6.1,100,4.17,rain,,,55.4,50,211.3,1012.8,54.2,9.9,,,,,2009-09-25T06:35:08,2009-09-25T18:40:56,0.22,"Rain, Partially cloudy",Partly cloudy throughout the day with morning rain.,rain,"65210099999,65201099999"
Lagos,2009-09-26,31.1,23.1,26.4,36,23.1,27.9,22.8,81.8,0,0,0,,,,22.3,16.6,220,1013.2,58.2,10.7,,,,,2009-09-26T06:34:58,2009-09-26T18:40:25,0.25,Partially cloudy,Partly cloudy throughout the day.,partly-cloudy-day,"65210099999,65201099999"
Lagos,2009-09-27,31.1,24.5,27.1,36.3,24.5,29.1,23.4,81.1,0,0,0,,,,20.5,18.4,208.2,1013.9,71.8,10.8,,,,,2009-09-27T06:34:48,2009-09-27T18:39:54,0.28,Partially cloudy,Partly cloudy throughout the day.,partly-cloudy-day,"65210099999,65201099999"
Lagos,2009-09-28,32,24.6,27.1,39.2,24.6,29,23.5,81.4,0,0,0,,,,20.5,18.4,212.2,1013.4,61.3,11,,,,,2009-09-28T06:34:38,2009-09-28T18:39:23,0.31,Partially cloudy,Partly cloudy throughout the day.,partly-cloudy-day,"65210099999,65201099999"
Lagos,2009-09-29,31.3,24.5,27,36.3,24.5,28.5,23.3,81.1,0,0,0,,,,24.1,20.5,214.7,1013.7,58.3,10.9,,,,,2009-09-29T06:34:29,2009-09-29T18:38:52,0.34,Partially cloudy,Partly cloudy throughout the day.,partly-cloudy-day,"65210099999,65201099999"
Lagos,2009-09-30,31.1,24.1,26.8,37.2,24.1,28.7,23.8,84.1,0,0,0,,,,31.7,27.7,209.5,1013.7,70.4,10.5,,,,,2009-09-30T06:34:20,2009-09-30T18:38:22,0.38,Partially cloudy,Partly cloudy throughout the day.,partly-cloudy-day,"65210099999,65201099999"
Lagos,2009-10-01,32.1,23.1,27.2,37.2,23.1,29.4,23.6,82.1,0,0,0,,,,25.9,22.3,218.2,1013.9,63.5,10.1,,,,,2009-10-01T06:34:11,2009-10-01T18:37:52,0.41,Partially cloudy,Partly cloudy throughout the day.,partly-cloudy-day,"65210099999,65201099999"
Lagos,2009-10-02,30.5,24.9,27,35.7,24.9,28.8,23.8,82.9,0,0,0,,,,22.3,14.8,230.3,1013.6,71.7,10.7,,,,,2009-10-02T06:34:02,2009-10-02T18:37:22,0.44,Partially cloudy,Partly cloudy throughout the day.,partly-cloudy-day,"65210099999,65201099999"
Lagos,2009-10-03,30.7,24.6,26.3,36.4,24.6,27.6,23.9,87,4.1,100,4.17,rain,,,18.4,16.6,215.6,1013.4,75.5,10.2,,,,,2009-10-03T06:33:53,2009-10-03T18:36:53,0.47,"Rain, Partially cloudy",Partly cloudy throughout the day with late afternoon rain.,rain,"65210099999,65201099999"
Lagos,2009-10-04,29.2,22.6,26,33.3,22.6,27.2,23.1,84.7,16,100,8.33,rain,,,16.6,11.2,233.7,1012.9,62.6,9.8,,,,,2009-10-04T06:33:45,2009-10-04T18:36:24,0.5,"Rain, Partially cloudy",Partly cloudy throughout the day with rain in the morning and afternoon.,rain,"65210099999,65201099999"
Lagos,2009-10-05,27.1,24.1,25.2,29.7,24.1,25.3,23.8,92.1,2,100,4.17,rain,,,16.6,13,223.2,1012.9,75,9.3,,,,,2009-10-05T06:33:37,2009-10-05T18:35:55,0.54,"Rain, Partially cloudy",Partly cloudy throughout the day with afternoon rain.,rain,"65210099999,65201099999"
Lagos,2009-10-06,28.1,23.7,25.9,32.1,23.7,27.2,23.7,88,0,0,0,,,,18.4,14.8,226.5,1013.6,69.1,9.2,,,,,2009-10-06T06:33:30,2009-10-06T18:35:27,0.58,Partially cloudy,Partly cloudy throughout the day.,partly-cloudy-day,"65210099999,65201099999"
Lagos,2009-10-07,30.1,24.1,26.5,35.9,24.1,28.2,23.8,85.2,0,0,0,,,,18.4,14.8,231.5,1014,65.4,10.8,,,,,2009-10-07T06:33:23,2009-10-07T18:34:59,0.61,Partially cloudy,Partly cloudy throughout the day.,partly-cloudy-day,"65210099999,65201099999"
Lagos,2009-10-08,27.7,22.1,24.9,34.3,22.1,25.3,23.5,91.8,21.9,100,8.33,rain,,,14.8,16.6,178.6,1013.9,77,7.3,,,,,2009-10-08T06:33:16,2009-10-08T18:34:32,0.65,"Rain, Partially cloudy",Partly cloudy throughout the day with rain in the morning and afternoon.,rain,65201099999
Lagos,2009-10-09,31.1,23.1,26.2,35.6,23.1,27.9,23.5,85.8,0,0,0,,,,20.5,14.8,208.7,1012.8,60.5,9.2,,,,,2009-10-09T06:33:10,2009-10-09T18:34:05,0.69,Partially cloudy,Partly cloudy throughout the day.,partly-cloudy-day,"65210099999,65201099999"
Lagos,2009-10-10,31.1,23.1,26.7,36.7,23.1,28.6,23.7,84.4,0,0,0,,,,29.5,22.3,221.2,1011.8,53.1,10.3,,,,,2009-10-10T06:33:04,2009-10-10T18:33:38,0.72,Partially cloudy,Partly cloudy throughout the day.,partly-cloudy-day,"65210099999,65201099999"
Lagos,2009-10-11,32.1,24.9,27.3,36.9,24.9,29.3,23.9,82.6,0,0,0,,,,16.6,18.4,224.5,1011.4,69.1,10.3,,,,,2009-10-11T06:32:58,2009-10-11T18:33:12,0.75,Partially cloudy,Partly cloudy throughout the day.,partly-cloudy-day,"65210099999,65201099999"
Lagos,2009-10-12,29.1,22.1,25.8,34.7,22.1,27.2,23.8,88.7,18,100,8.33,rain,,,18.4,25.9,239.2,1011.6,76.3,9.1,,,,,2009-10-12T06:32:53,2009-10-12T18:32:47,0.79,"Rain, Partially cloudy",Partly cloudy throughout the day with rain.,rain,"65210099999,65201099999"
Lagos,2009-10-13,29.1,24.1,26.2,34.3,24.1,27.6,24.1,88.3,3,100,4.17,rain,,,20.5,16.6,244.1,1011.5,75.8,10,,,,,2009-10-13T06:32:49,2009-10-13T18:32:22,0.83,"Rain, Partially cloudy",Partly cloudy throughout the day with morning rain.,rain,"65210099999,65201099999"
Lagos,2009-10-14,27.2,23.1,25,30.2,23.1,25.4,23.4,91.3,106.9,100,4.17,rain,,,16.6,13,240.7,1011.8,79.6,8.4,,,,,2009-10-14T06:32:45,2009-10-14T18:31:58,0.86,"Rain, Partially cloudy",Partly cloudy throughout the day with afternoon rain.,rain,"65210099999,65201099999"
Lagos,2009-10-15,29.2,23.1,26.1,33.7,23.1,27.6,23.5,86.1,0,0,0,,,,29.5,25.9,218.2,1011.4,70.4,10,,,,,2009-10-15T06:32:41,2009-10-15T18:31:34,0.9,Partially cloudy,Partly cloudy throughout the day.,partly-cloudy-day,"65210099999,65201099999"
Lagos,2009-10-16,30.6,23.5,26.7,36.4,23.5,28.4,23.8,85.2,0,0,0,,,,24.1,20.5,227.2,1012,60.4,10.3,,,,,2009-10-16T06:32:38,2009-10-16T18:31:11,0.94,Partially cloudy,Partly cloudy throughout the day.,partly-cloudy-day,"65210099999,65201099999"
Lagos,2009-10-17,30.1,23.7,26.6,35.3,23.7,28.4,23.5,83.9,0,0,0,,,,16.6,16.6,220,1011.7,60,10.7,,,,,2009-10-17T06:32:35,2009-10-17T18:30:49,0.97,Partially cloudy,Partly cloudy throughout the day.,partly-cloudy-day,"65210099999,65201099999"
Lagos,2009-10-18,31.1,23.1,26.5,37.3,23.1,28.5,23.6,85.3,0,0,0,,,,22.3,16.6,234.3,1010.6,65.7,10.1,,,,,2009-10-18T06:32:34,2009-10-18T18:30:27,0,Partially cloudy,Partly cloudy throughout the day.,partly-cloudy-day,"65210099999,65201099999"
Lagos,2009-10-19,31.6,24.1,26.8,37.4,24.1,28.9,24.1,85.7,0,0,0,,,,25.9,22.3,230.7,1010.7,63.4,10.5,,,,,2009-10-19T06:32:32,2009-10-19T18:30:06,0.04,Partially cloudy,Partly cloudy throughout the day.,partly-cloudy-day,"65210099999,65201099999"
Lagos,2009-10-20,29.5,24.1,26.7,34.2,24.1,28.3,24,85.5,0,0,0,,,,31.7,27.7,213.5,1011.3,63.3,10.3,,,,,2009-10-20T06:32:31,2009-10-20T18:29:45,0.07,Partially cloudy,Partly cloudy throughout the day.,partly-cloudy-day,"65210099999,65201099999"
Lagos,2009-10-21,29.1,23.1,24.9,33.7,23.1,25.4,23.4,91.6,0,0,0,,,,9.4,14.8,282.8,1012.8,60,8.5,,,,,2009-10-21T06:32:31,2009-10-21T18:29:25,0.1,Partially cloudy,Partly cloudy throughout the day.,partly-cloudy-day,"65210099999,65201099999"
Lagos,2009-10-22,30.4,23.1,26.2,36,23.1,28.1,23.6,86.2,81,100,4.17,rain,,,16.6,13,234.1,1012.2,68.3,7.9,,,,,2009-10-22T06:32:32,2009-10-22T18:29:06,0.14,"Rain, Partially cloudy",Partly cloudy throughout the day with morning rain.,rain,"65210099999,65201099999"
Lagos,2009-10-23,29.6,24.1,26.3,36,24.1,28.2,23.9,87.1,0,0,0,,,,18.4,11.2,244.2,1012.7,65.4,9.7,,,,,2009-10-23T06:32:33,2009-10-23T18:28:48,0.17,Partially cloudy,Partly cloudy throughout the day.,partly-cloudy-day,"65210099999,65201099999"
Lagos,2009-10-24,28.7,22.1,25.1,32.9,22.1,26,22.9,87.7,9.9,100,8.33,rain,,,74.2,68.4,352.6,1012.5,75,8,,,,,2009-10-24T06:32:34,2009-10-24T18:28:31,0.2,"Rain, Partially cloudy",Partly cloudy throughout the day with rain in the morning and afternoon.,rain,"65210099999,65201099999"
Lagos,2009-10-25,29.5,23.1,25.9,32.8,23.1,26.8,22.9,85,1,100,4.17,rain,,,24.1,20.5,126,1011.2,53.8,10.4,,,,,2009-10-25T06:32:37,2009-10-25T18:28:14,0.23,"Rain, Partially cloudy",Partly cloudy throughout the day with afternoon rain.,rain,"65210099999,65201099999"
Lagos,2009-10-26,30.1,23.1,25.1,35.2,23.1,25.9,23.7,92.2,65,100,8.33,rain,,,18.4,20.5,259.9,1010.7,60,7.3,,,,,2009-10-26T06:32:40,2009-10-26T18:27:58,0.25,"Rain, Partially cloudy",Partly cloudy throughout the day with rain.,rain,"65210099999,65201099999"
Lagos,2009-10-27,31.1,22.1,25.5,36.7,22.1,27.3,23.6,89.6,4.1,100,4.17,rain,,,83.5,59.4,182.4,1012,66.7,7.6,,,,,2009-10-27T06:32:43,2009-10-27T18:27:43,0.3,"Rain, Partially cloudy",Partly cloudy throughout the day with late afternoon rain.,rain,"65210099999,65201099999"
Lagos,2009-10-28,31.7,22.2,26.3,37.1,22.2,28.1,23.3,84.3,0,0,0,,,,22.3,14.8,230.5,1012,51.1,8.6,,,,,2009-10-28T06:32:48,2009-10-28T18:27:29,0.33,Partially cloudy,Partly cloudy throughout the day.,partly-cloudy-day,65201099999
Lagos,2009-10-29,27,23.1,24.4,30.1,23.1,24.6,23.2,93,8.9,100,4.17,rain,,,27.7,9.4,103.4,1011.3,73.9,6.6,,,,,2009-10-29T06:32:53,2009-10-29T18:27:15,0.36,"Rain, Partially cloudy",Partly cloudy throughout the day with afternoon rain.,rain,"65210099999,65201099999"
Lagos,2009-10-30,30.9,23.1,26.4,36,23.1,28.3,23.6,85.4,0,0,0,,,,18.4,14.8,198.9,1010.3,68.8,5.1,,,,,2009-10-30T06:32:59,2009-10-30T18:27:03,0.39,Partially cloudy,Partly cloudy throughout the day.,partly-cloudy-day,"65210099999,65201099999"
Lagos,2009-10-31,33.1,24.1,27.4,40.7,24.1,30.2,24.4,84.8,0,0,0,,,,14.8,14.8,204.4,1010,57.5,8.4,,,,,2009-10-31T06:33:05,2009-10-31T18:26:51,0.42,Partially cloudy,Partly cloudy throughout the day.,partly-cloudy-day,"65210099999,65201099999"
Lagos,2009-11-01,31.4,25.1,27.8,39.4,25.1,30.7,24.7,84,0,0,0,,,,22.3,18.4,214.5,1009.8,62.2,10,,,,,2009-11-01T06:33:12,2009-11-01T18:26:40,0.46,Partially cloudy,Partly cloudy throughout the day.,partly-cloudy-day,"65210099999,65201099999"
Lagos,2009-11-02,31.1,23.1,27,37.9,23.1,29.8,24.3,85.4,0,0,0,,,,20.5,14.8,245.5,1009.9,57,9.2,,,,,2009-11-02T06:33:20,2009-11-02T18:26:30,0.5,Partially cloudy,Partly cloudy throughout the day.,partly-cloudy-day,"65210099999,65201099999"
Lagos,2009-11-03,32.4,25.1,27.8,39.8,25.1,30.9,24.9,85.3,107.2,100,4.17,rain,,,18.4,14.8,236.7,1010.3,63.5,10.2,,,,,2009-11-03T06:33:29,2009-11-03T18:26:22,0.52,"Rain, Partially cloudy",Partly cloudy throughout the day with morning rain.,rain,"65210099999,65201099999"
Lagos,2009-11-04,30.7,25.9,27.6,37.4,25.9,30.4,24.9,85.5,0,0,0,,,,24.1,20.5,231.8,1011.8,74.4,10.4,,,,,2009-11-04T06:33:38,2009-11-04T18:26:14,0.56,Partially cloudy,Partly cloudy throughout the day.,partly-cloudy-day,"65210099999,65201099999"
Lagos,2009-11-05,31.5,24.1,26.2,39.4,24.1,27.2,24.5,90.7,9.9,100,4.17,rain,,,13,20.5,267.1,1012.9,63.4,8.3,,,,,2009-11-05T06:33:48,2009-11-05T18:26:06,0.59,"Rain, Partially cloudy",Partly cloudy throughout the day with late afternoon rain.,rain,"65210099999,65201099999"
Lagos,2009-11-06,31.1,23.1,26.9,37.9,23.1,29.2,24.2,85.9,0,0,0,,,,22.3,16.6,220.5,1010.8,61.8,9.1,,,,,2009-11-06T06:33:59,2009-11-06T18:26:00,0.63,Partially cloudy,Partly cloudy throughout the day.,partly-cloudy-day,"65210099999,65201099999"
Lagos,2009-11-07,31,24.1,26.9,37.9,24.1,29.3,24.3,86.2,0,0,0,,,,18.4,14.8,224.1,1010.6,55.5,9.5,,,,,2009-11-07T06:34:11,2009-11-07T18:25:55,0.67,Partially cloudy,Partly cloudy throughout the day.,partly-cloudy-day,"65210099999,65201099999"
Lagos,2009-11-08,31.1,26.9,28.8,37.6,30.2,33.4,24.5,77.9,0,0,0,,,,20.5,16.8,222.3,1011.6,75.5,10.7,,,,,2009-11-08T06:34:23,2009-11-08T18:25:51,0.7,Partially cloudy,Becoming cloudy in the afternoon.,partly-cloudy-day,"65210099999,65201099999"
Lagos,2009-11-09,30.6,22.7,26.4,37.2,22.7,27.8,24.2,88.3,7.1,100,4.17,rain,,,14.8,11.2,236.5,1012.7,65,9.8,,,,,2009-11-09T06:34:36,2009-11-09T18:25:48,0.75,"Rain, Partially cloudy",Partly cloudy throughout the day with late afternoon rain.,rain,"65210099999,65201099999"
Lagos,2009-11-10,31.1,22.5,25.6,34.5,22.5,26.6,22.6,84.8,5.9,100,4.17,rain,,,16.6,13,336.1,1011.9,64.4,9.2,,,,,2009-11-10T06:34:50,2009-11-10T18:25:46,0.77,"Rain, Partially cloudy",Partly cloudy throughout the day with early morning rain.,rain,"65210099999,65201099999"
Lagos,2009-11-11,31.1,23.1,27,38.2,23.1,29.6,23.9,84.1,0,0,0,,,,18.4,16.6,220.9,1010.4,62.4,9.8,,,,,2009-11-11T06:35:05,2009-11-11T18:25:44,0.81,Partially cloudy,Partly cloudy throughout the day.,partly-cloudy-day,"65210099999,65201099999"
Lagos,2009-11-12,31.6,25.1,27.5,38.3,25.1,30,24.4,83.8,0,0,0,,,,22.3,18.1,222.1,1010.2,59.2,10.2,,,,,2009-11-12T06:35:20,2009-11-12T18:25:44,0.84,Partially cloudy,Partly cloudy throughout the day.,partly-cloudy-day,"65210099999,65201099999"
Lagos,2009-11-13,31.5,24.1,27.5,38.1,24.1,30.2,24.4,84,0,0,0,,,,18.4,14.8,215.4,1010.8,68.7,10.6,,,,,2009-11-13T06:35:36,2009-11-13T18:25:45,0.88,Partially cloudy,Partly cloudy throughout the day.,partly-cloudy-day,"65210099999,65201099999"
Lagos,2009-11-14,31.1,25.1,27.4,37.9,25.1,30,24.4,84,0,0,0,,,,18.4,14.8,216.6,1011.3,62.9,10.7,,,,,2009-11-14T06:35:53,2009-11-14T18:25:46,0.92,Partially cloudy,Partly cloudy throughout the day.,partly-cloudy-day,"65210099999,65201099999"
Lagos,2009-11-15,31.1,23.1,26.2,37.9,23.1,27.5,23.9,88.2,10.9,100,4.17,rain,,,14.8,13,252.6,1011.1,60.4,9.3,,,,,2009-11-15T06:36:11,2009-11-15T18:25:49,0.95,"Rain, Partially cloudy",Partly cloudy throughout the day with late afternoon rain.,rain,"65210099999,65201099999"
Lagos,2009-11-16,31.8,23.1,26.7,38.4,23.1,28.7,23.3,82.7,0,0,0,,,,16.6,14.8,211.8,1011.1,56.8,9.3,,,,,2009-11-16T06:36:29,2009-11-16T18:25:53,0,Partially cloudy,Partly cloudy throughout the day.,partly-cloudy-day,"65210099999,65201099999"
Lagos,2009-11-17,33.1,24.1,27.6,37.3,24.1,29.1,22.8,78.1,0,0,0,,,,20.5,16.6,108.5,1011.2,51.3,6,,,,,2009-11-17T06:36:48,2009-11-17T18:25:57,0.02,Partially cloudy,Partly cloudy throughout the day.,partly-cloudy-day,"65210099999,65201099999"
Lagos,2009-11-18,32.5,24.1,26.9,36.1,24.1,28.2,23.5,83.1,0,0,0,,,,13,9,260.1,1012.3,50.7,5,,,,,2009-11-18T06:37:07,2009-11-18T18:26:03,0.05,Partially cloudy,Becoming cloudy in the afternoon.,partly-cloudy-day,"65210099999,65201099999"
Lagos,2009-11-19,33.1,23.1,27.8,33,23.1,28,20,66.6,0,0,0,,,,13,16.8,355.1,1012.4,41,4.7,,,,,2009-11-19T06:37:28,2009-11-19T18:26:10,0.09,Partially cloudy,Partly cloudy throughout the day.,partly-cloudy-day,"65210099999,65201099999"
Lagos,2009-11-20,34.1,22.1,27,35.5,22.1,27.7,21,73.5,0,0,0,,,,,13,343.2,1013.3,25.8,4.2,,,,,2009-11-20T06:37:48,2009-11-20T18:26:17,0.12,Partially cloudy,Partly cloudy throughout the day.,partly-cloudy-day,"65210099999,65201099999"
Lagos,2009-11-21,34.2,22.1,27.3,35.7,22.1,28,20.9,71.8,0,0,0,,,,,20.3,130.3,1013,27.8,4.8,,,,,2009-11-21T06:38:10,2009-11-21T18:26:26,0.15,Partially cloudy,Partly cloudy throughout the day.,partly-cloudy-day,"65210099999,65201099999"
Lagos,2009-11-22,31.1,22.1,26.5,35.8,22.1,28.1,23.1,82.9,0,0,0,,,,14.8,13,241.7,1013.1,45,6.8,,,,,2009-11-22T06:38:32,2009-11-22T18:26:36,0.18,Partially cloudy,Partly cloudy throughout the day.,partly-cloudy-day,"65210099999,65201099999"
Lagos,2009-11-23,33.1,23.1,27.4,38.1,23.1,29.3,23.3,80.2,0,0,0,,,,14.8,11.2,358.1,1012,52.1,6.5,,,,,2009-11-23T06:38:55,2009-11-23T18:26:46,0.21,Partially cloudy,Partly cloudy throughout the day.,partly-cloudy-day,"65210099999,65201099999"
Lagos,2009-11-24,27.7,24.1,25.3,32.5,24.1,25.7,24,92.6,0,0,0,,,,16.6,13,325.5,1012.3,31.9,4.7,,,,,2009-11-24T06:39:19,2009-11-24T18:26:58,0.25,Partially cloudy,Clearing in the afternoon.,partly-cloudy-day,"65210099999,65201099999"
Lagos,2009-11-25,35.1,24.1,30.3,36.5,24.1,31.5,20.1,57.3,0,0,0,,,,11.2,13,170.7,1011,30.1,7.1,,,,,2009-11-25T06:39:43,2009-11-25T18:27:10,0.28,Partially cloudy,Partly cloudy throughout the day.,partly-cloudy-day,"65210099999,65201099999"
Lagos,2009-11-26,34.1,22.1,27.7,38.9,22.1,30.2,23.6,80.5,0,0,0,,,,18.4,42.5,225,1011.9,51.7,8,,,,,2009-11-26T06:40:07,2009-11-26T18:27:23,0.31,Partially cloudy,Partly cloudy throughout the day.,partly-cloudy-day,"65210099999,65201099999"
Lagos,2009-11-27,33.1,24.1,27.7,39.4,24.1,30.3,24.1,82.2,0,0,0,,,,14.8,11.2,243.3,1011.8,56.1,8.5,,,,,2009-11-27T06:40:32,2009-11-27T18:27:38,0.34,Partially cloudy,Partly cloudy throughout the day.,partly-cloudy-day,"65210099999,65201099999"
Lagos,2009-11-28,33.1,23.1,27.6,38.8,23.1,29.9,24,82.2,0,0,0,,,,16.6,13,235.6,1011.9,56.1,6.7,,,,,2009-11-28T06:40:58,2009-11-28T18:27:53,0.38,Partially cloudy,Partly cloudy throughout the day.,partly-cloudy-day,"65210099999,65201099999"
Lagos,2009-11-29,35.1,23.1,28.1,36.6,23.1,28.7,20.9,70.4,0,0,0,,,,9.4,14.8,60.4,1011.1,33,5.5,,,,,2009-11-29T06:41:24,2009-11-29T18:28:09,0.41,Partially cloudy,Partly cloudy throughout the day.,partly-cloudy-day,"65210099999,65201099999"
Lagos,2009-11-30,35.1,22.1,27.6,37.6,22.1,28.6,20.8,70.2,0,0,0,,,,16.6,16.6,96.2,1010.7,32.2,5.8,,,,,2009-11-30T06:41:51,2009-11-30T18:28:26,0.44,Partially cloudy,Partly cloudy throughout the day.,partly-cloudy-day,"65210099999,65201099999"
Lagos,2009-12-01,35.1,22.1,27.3,39.4,22.1,29.1,22,75.7,0,0,0,,,,18.4,13,295.7,1011.4,34.8,6.4,,,,,2009-12-01T06:42:18,2009-12-01T18:28:43,0.47,Partially cloudy,Partly cloudy throughout the day.,partly-cloudy-day,"65210099999,65201099999"
Lagos,2009-12-02,34.1,23.1,28,39.5,23.1,30.4,23.4,77.8,0,0,0,,,,18.4,25.2,276.9,1011.3,40.5,6.4,,,,,2009-12-02T06:42:46,2009-12-02T18:29:02,0.5,Partially cloudy,Partly cloudy throughout the day.,partly-cloudy-day,"65210099999,65201099999"
Lagos,2009-12-03,33.2,24.1,28,40.9,24.1,30.9,24.1,80.8,0,0,0,,,,14.8,11.2,265.6,1011.3,51.3,5.8,,,,,2009-12-03T06:43:14,2009-12-03T18:29:21,0.54,Partially cloudy,Partly cloudy throughout the day.,partly-cloudy-day,"65210099999,65201099999"
Lagos,2009-12-04,32.2,23.1,27.7,38.9,23.1,30.4,23.9,81.4,0,0,0,,,,9.4,14.8,207.9,1011.4,45.8,6.4,,,,,2009-12-04T06:43:42,2009-12-04T18:29:42,0.58,Partially cloudy,Partly cloudy throughout the day.,partly-cloudy-day,"65210099999,65201099999"
Lagos,2009-12-05,35.1,23.1,28.2,40.6,23.1,31.2,24,80.2,0,0,0,,,,16.6,13,209.8,1011.4,43.8,6.8,,,,,2009-12-05T06:44:11,2009-12-05T18:30:02,0.61,Partially cloudy,Partly cloudy throughout the day.,partly-cloudy-day,"65210099999,65201099999"
Lagos,2009-12-06,36.1,23.1,28.4,41.2,23.1,31.4,24.2,80.5,0,0,0,,,,18.4,11.2,277.8,1010.4,43.8,8.1,,,,,2009-12-06T06:44:40,2009-12-06T18:30:24,0.65,Partially cloudy,Partly cloudy throughout the day.,partly-cloudy-day,"65210099999,65201099999"
Lagos,2009-12-07,35.1,24.1,28.4,39,24.1,31.2,24.2,81.2,0,0,0,,,,16.6,11.2,304.4,1010.2,52.7,7,,,,,2009-12-07T06:45:09,2009-12-07T18:30:47,0.68,Partially cloudy,Partly cloudy throughout the day.,partly-cloudy-day,65201099999
Lagos,2009-12-08,34.1,24.1,28.5,40.5,24.1,31.4,24.3,80.2,0,0,0,,,,14.8,21.4,260.6,1010.6,54.8,7.5,,,,,2009-12-08T06:45:38,2009-12-08T18:31:10,0.72,Partially cloudy,Partly cloudy throughout the day.,partly-cloudy-day,"65210099999,65201099999"
Lagos,2009-12-09,32.8,25.1,28.6,39.1,25.1,32.1,24.6,80.2,0,0,0,,,,14.8,13,241.5,1011.1,65.7,8.9,,,,,2009-12-09T06:46:08,2009-12-09T18:31:33,0.75,Partially cloudy,Partly cloudy throughout the day.,partly-cloudy-day,"65210099999,65201099999"
Lagos,2009-12-10,32.7,26,28.6,39.3,26,32.6,24.8,81,0,0,0,,,,18.4,16.6,218.4,1011.1,54.2,8.3,,,,,2009-12-10T06:46:38,2009-12-10T18:31:58,0.79,Partially cloudy,Partly cloudy throughout the day.,partly-cloudy-day,"65210099999,65201099999"
Lagos,2009-12-11,33.1,24.1,28.4,39.8,24.1,31.8,24.5,80.6,0,0,0,,,,18.4,16.6,218.5,1011,59.2,8.5,,,,,2009-12-11T06:47:08,2009-12-11T18:32:23,0.82,Partially cloudy,Partly cloudy throughout the day.,partly-cloudy-day,"65210099999,65201099999"
Lagos,2009-12-12,31.1,24.1,26.9,35.6,24.1,28.4,23.7,83,0,0,0,,,,13,9.4,194.3,1010.9,63.1,8,,,,,2009-12-12T06:47:39,2009-12-12T18:32:49,0.86,Partially cloudy,Partly cloudy throughout the day.,partly-cloudy-day,"65210099999,65201099999"
Lagos,2009-12-13,32.6,23.1,27.3,37.2,23.1,29.6,23.5,81.3,0,0,0,,,,18.4,16.6,211.9,1011.7,49.6,8,,,,,2009-12-13T06:48:09,2009-12-13T18:33:15,0.89,Partially cloudy,Partly cloudy throughout the day.,partly-cloudy-day,"65210099999,65201099999"
Lagos,2009-12-14,32.9,23.1,27,39.5,23.1,29.2,24.2,85.7,0,0,0,,,,14.8,13,256.3,1012.6,68.8,7.8,,,,,2009-12-14T06:48:39,2009-12-14T18:33:42,0.93,Partially cloudy,Partly cloudy throughout the day.,partly-cloudy-day,"65210099999,65201099999"
Lagos,2009-12-15,32.3,24.1,27.8,39,24.1,30.9,24.5,83.1,0,0,0,,,,16.6,11.1,199.1,1011.8,56.3,8.4,,,,,2009-12-15T06:49:10,2009-12-15T18:34:09,0.96,Partially cloudy,Partly cloudy throughout the day.,partly-cloudy-day,"65210099999,65201099999"
Lagos,2009-12-16,33.1,24.7,27.9,40.7,24.7,31.1,24.9,84.3,0,0,0,,,,16.6,14.8,208.5,1011.3,51.3,8.8,,,,,2009-12-16T06:49:40,2009-12-16T18:34:37,0,Partially cloudy,Partly cloudy throughout the day.,partly-cloudy-day,"65210099999,65201099999"
Lagos,2009-12-17,33.2,24.1,28.2,40.3,24.1,31.5,24.6,82.4,0,0,0,,,,18.4,13,217.2,1011.2,59.5,8.2,,,,,2009-12-17T06:50:11,2009-12-17T18:35:05,0.03,Partially cloudy,Partly cloudy throughout the day.,partly-cloudy-day,"65210099999,65201099999"
Lagos,2009-12-18,33.3,24.1,28.6,41.5,24.1,32.5,24.8,81.1,0,0,0,,,,16.6,20.5,229.7,1010.8,59.1,8.7,,,,,2009-12-18T06:50:41,2009-12-18T18:35:33,0.06,Partially cloudy,Partly cloudy throughout the day.,partly-cloudy-day,"65210099999,65201099999"
Lagos,2009-12-19,34.1,26.1,29.1,40.7,26.1,34,25.2,80.3,0,0,0,,,,24.1,20.5,227.3,1010.9,71.9,9.9,,,,,2009-12-19T06:51:11,2009-12-19T18:36:02,0.1,Partially cloudy,Partly cloudy throughout the day.,partly-cloudy-day,"65210099999,65201099999"
Lagos,2009-12-20,34.1,25.6,28.8,42.5,25.6,33.3,25.2,81.9,0,0,0,,,,18.4,14.8,234.8,1011.4,59.1,8.8,,,,,2009-12-20T06:51:41,2009-12-20T18:36:32,0.13,Partially cloudy,Partly cloudy throughout the day.,partly-cloudy-day,"65210099999,65201099999"
Lagos,2009-12-21,33.1,26.1,28.7,42.3,26.1,33,25.4,83.4,0,0,0,,,,18.4,14.8,204,1012.4,63.8,9.6,,,,,2009-12-21T06:52:11,2009-12-21T18:37:01,0.16,Partially cloudy,Partly cloudy throughout the day.,partly-cloudy-day,"65210099999,65201099999"
Lagos,2009-12-22,34.1,25.1,28.7,41.7,25.1,32.9,25.1,82,0,0,0,,,,18.4,44.3,225,1013.3,60.9,9.5,,,,,2009-12-22T06:52:41,2009-12-22T18:37:31,0.19,Partially cloudy,Partly cloudy throughout the day.,partly-cloudy-day,"65210099999,65201099999"
Lagos,2009-12-23,34.1,26.1,28.7,40.3,26.1,32.8,25.1,82,0,0,0,,,,16.6,18.4,215.5,1012.4,52.1,9.9,,,,,2009-12-23T06:53:11,2009-12-23T18:38:01,0.23,Partially cloudy,Partly cloudy throughout the day.,partly-cloudy-day,65201099999
Lagos,2009-12-24,35.1,25.1,28.5,43.5,25.1,32.3,24.8,81.5,0,0,0,,,,22.3,25.9,256,1011.7,65,9.1,,,,,2009-12-24T06:53:40,2009-12-24T18:38:32,0.25,Partially cloudy,Partly cloudy throughout the day.,partly-cloudy-day,"65210099999,65201099999"
Lagos,2009-12-25,35.1,25.5,28.6,40.3,25.5,32.1,24.7,81.2,0,0,0,,,,25.9,22.3,245.2,1012.2,53.5,8.7,,,,,2009-12-25T06:54:09,2009-12-25T18:39:02,0.29,Partially cloudy,Partly cloudy throughout the day.,partly-cloudy-day,"65210099999,65201099999"
Lagos,2009-12-26,32.4,25.4,28.1,39.5,25.4,31.2,24.8,83.6,0,0,0,,,,37.1,33.5,262.4,1012.1,51.7,8.5,,,,,2009-12-26T06:54:38,2009-12-26T18:39:33,0.33,Partially cloudy,Partly cloudy throughout the day.,partly-cloudy-day,"65210099999,65201099999"
Lagos,2009-12-27,34.1,24.1,28.1,39.3,24.1,30.1,23.8,79.5,0,0,0,,,,11.2,16.6,288.9,1011.6,44.2,7.8,,,,,2009-12-27T06:55:06,2009-12-27T18:40:04,0.36,Partially cloudy,Partly cloudy throughout the day.,partly-cloudy-day,65201099999
Lagos,2009-12-28,33.4,23.1,27.9,40.1,23.1,30.5,23.8,80.2,0,0,0,,,,29.5,25.9,245.3,1011.2,42.5,7.6,,,,,2009-12-28T06:55:34,2009-12-28T18:40:34,0.39,Partially cloudy,Partly cloudy throughout the day.,partly-cloudy-day,"65210099999,65201099999"
Lagos,2009-12-29,34.1,24.1,28.1,39.7,24.1,30.9,24,80.1,0,0,0,,,,22.3,18.4,238.5,1010.7,44.6,7.1,,,,,2009-12-29T06:56:01,2009-12-29T18:41:05,0.42,Partially cloudy,Partly cloudy throughout the day.,partly-cloudy-day,"65210099999,65201099999"
Lagos,2009-12-30,34.1,24.1,27.9,38.3,24.1,30.3,24.4,82.6,0,0,0,,,,18.4,13,217.4,1010.3,46.2,6.5,,,,,2009-12-30T06:56:28,2009-12-30T18:41:36,0.46,Partially cloudy,Partly cloudy throughout the day.,partly-cloudy-day,"65210099999,65201099999"
Lagos,2009-12-31,33.1,23.1,27.4,37.6,23.1,29.4,24,83.7,0,0,0,,,,14.8,16.6,272.9,1011.7,52.5,6.3,,,,,2009-12-31T06:56:55,2009-12-31T18:42:07,0.5,Partially cloudy,Partly cloudy throughout the day.,partly-cloudy-day,"65210099999,65201099999"
