State,LGA,Ward,PU-Code,PU-Name,Accredited_Voters,Registered_Voters,Results_Found,Transcription_Count,Result_Sheet_Stamped,Result_Sheet_Corrected,Result_Sheet_Invalid,Result_Sheet_Unclear,Result_Sheet_Unsigned,APC,LP,PDP,NNPP,Results_File
ABIA,ABA NORTH,EZIAMA,01-01-01-003,RAILWAY QUARTERS - RAILWAY QUARTERS IV,0,0,0,0,1,0,1,1,0,0,0,0,0,
ABIA,ABA NORTH,EZIAMA,01-01-01-005,ABIA POLY  - ABIA POLY II,0,0,0,0,1,0,1,1,0,0,0,0,0,
ABIA,ABA NORTH,EZIAMA,01-01-01-005,ABIA POLY  - ABIA POLY III,0,0,0,0,1,0,1,1,0,0,0,0,0,
ABIA,ABA NORTH,EZIAMA,01-01-01-005,ABIA POLY  - ABIA POLY IV,0,0,0,0,1,0,1,1,0,0,0,0,0,
ABIA,ABA NORTH,EZIAMA,01-01-01-005,ABIA POLY  - ABIA POLY V,0,0,0,0,1,0,1,1,0,0,0,0,0,
ABIA,ABA NORTH,EZIAMA,01-01-01-005,ABIA POLY - ABIA POLY VI,0,0,0,0,1,0,1,1,0,0,0,0,0,
ABIA,ABA NORTH,EZIAMA,01-01-01-005,EZIAMA HIGH SCHOOL - EZIAMA HIGH SCHOOL I,0,0,0,0,1,0,1,1,0,0,0,0,0,
ABIA,ABA NORTH,EZIAMA,01-01-01-005,EZIAMA HIGH SCHOOL - EZIAMA HIGH SCHOOL II,0,0,0,0,1,0,1,1,0,0,0,0,0,
ABIA,ABA NORTH,OSUSU II,01-01-04-007,BRIGHT WAY NURS. SCHOOL  - SCHOOL PREMISES I,0,0,0,0,1,0,1,1,0,0,0,0,0,
ABIA,ABA NORTH,OSUSU II,01-01-04-016,POPE JOHN PAUL COLLEGE-SCHOOL PREMISES II,0,0,0,0,1,0,1,1,0,0,0,0,0,
ABIA,ABA NORTH,URATTA,01-01-06-005,URATTA COUNCIL HALL  - HALL PREMISES VI,0,0,0,0,1,0,1,1,0,0,0,0,0,
ABIA,ABA NORTH,URATTA,01-01-06-008,URATTA COUNCIL HALL  - HALL PREMISES IX,0,0,0,0,1,0,1,1,0,0,0,0,0,
ABIA,ABA NORTH,URATTA,01-01-06-018,STELLA MARIS SEC. SCHOOL  - SCHOOL PREMISES II,0,0,0,0,1,0,1,1,0,0,0,0,0,
ABIA,ABA NORTH,OLD ABA GRA,01-01-07-001,GULF COURSE PRIMARY SCHOOL  - SCHOOL PREMISES II,0,0,0,0,1,0,1,1,0,0,0,0,0,
ABIA,ABA NORTH,OLD ABA GRA,01-01-07-001,GULF COURSE PRIMARY SCHOOL  - SCHOOL PREMISES III,0,0,0,0,1,0,1,1,0,0,0,0,0,
ABIA,ABA NORTH,OLD ABA GRA,01-01-07-004,GULF COURSE PRIMARY SCHOOL  - SCHOOL PREMISES V,0,0,0,0,1,0,1,1,0,0,0,0,0,
ABIA,ABA NORTH,OLD ABA GRA,01-01-07-007,GULF COURSE PRIMARY SCHOOL  - SCHOOL PREMISES VIII,0,0,0,0,1,0,1,1,0,0,0,0,0,
ABIA,ABA NORTH,OLD ABA GRA,01-01-07-007,GULF COURSE PRIMARY SCHOOL  - SCHOOL PREMISES IX,0,0,0,0,1,0,1,1,0,0,0,0,0,
ABIA,ABA NORTH,OLD ABA GRA,01-01-07-011,SPORTS CLUB-GOVERNOR'S LODGE I,0,0,0,0,1,0,1,1,0,0,0,0,0,
ABIA,ABA NORTH,OLD ABA GRA,01-01-07-011,SPORTS CLUB-GOVERNOR'S LODGE II,0,0,0,0,1,0,1,1,0,0,0,0,0,
ABIA,ABA NORTH,OLD ABA GRA,01-01-07-023,WATER TANK WATER TANK PREMISES VIII,0,0,0,0,1,0,1,1,0,0,0,0,0,
ABIA,ABA NORTH,ARIARIA MARKET,01-01-09-016,OLD INTERNAL REVENUE-PREMISES IV,0,0,0,0,1,0,1,1,0,0,0,0,0,
ABIA,ABA NORTH,ARIARIA MARKET,01-01-09-020,ROCK HOUSE PRIM./NURS.SCHOOL ABA I,0,0,0,0,1,0,1,1,0,0,0,0,0,
ABIA,ABA NORTH,ARIARIA MARKET,01-01-09-020,ROCK HOUSE PRIM./NURS.SCHOOL ABA II,0,0,0,0,1,0,1,1,0,0,0,0,0,
ABIA,ABA NORTH,ARIARIA MARKET,01-01-09-020,ROCK HOUSE PRIM./NURS.SCHOOL ABA III,0,0,0,0,1,0,1,1,0,0,0,0,0,
ABIA,ABA NORTH,ARIARIA MARKET,01-01-09-024,FIRE SERVICE STATION PREMISES II,0,0,0,0,1,0,1,1,0,0,0,0,0,
ABIA,ABA NORTH,ARIARIA MARKET,01-01-09-024,EZIOBU PRIM SCHOOL PREMISES I,0,0,0,0,1,0,1,1,0,0,0,0,0,
ABIA,ABA NORTH,ARIARIA MARKET,01-01-09-029,EZIOBU PRIM SCHOOL  - SCHOOL PREMISES V,0,0,0,0,1,0,1,1,0,0,0,0,0,
ABIA,ABA NORTH,ARIARIA MARKET,01-01-09-029,EZIOBU PRIM SCHOOL  - SCHOOL PREMISES VI,0,0,0,0,1,0,1,1,0,0,0,0,0,
ABIA,ABA NORTH,ARIARIA MARKET,01-01-09-033,OSUSU VILLAGE HALL - COUNCIL HALL II,0,0,0,0,1,0,1,1,0,0,0,0,0,
ABIA,ABA NORTH,ARIARIA MARKET,01-01-09-033,OSUSU VILLAGE HALL - COUNCIL HALL III,0,0,0,0,1,0,1,1,0,0,0,0,0,
ABIA,ABA NORTH,ARIARIA MARKET,01-01-09-036,OSUSU VILLAGE HALL - COUNCIL V,0,0,0,0,1,0,1,1,0,0,0,0,0,
ABIA,ABA NORTH,ARIARIA MARKET,01-01-09-036,OSUSU VILLAGE HALL - COUNCIL HALL VI,0,0,0,0,1,0,1,1,0,0,0,0,0,
ABIA,ABA NORTH,ARIARIA MARKET,01-01-09-040,HOLY GHOST COMM.SCHOOL  - SCHOOL PREMISES III,0,0,0,0,1,0,1,1,0,0,0,0,0,
ABIA,ABA NORTH,ARIARIA MARKET,01-01-09-042,HOLY GHOST COMM.SCHOOL  - SCHOOL PREMISES V,0,0,0,0,1,0,1,1,0,0,0,0,0,
ABIA,ABA NORTH,ARIARIA MARKET,01-01-09-042,SACRED HEART COLLEGE-SCHOOL PREMISES I,0,0,0,0,1,0,1,1,0,0,0,0,0,
ABIA,ABA NORTH,ARIARIA MARKET,01-01-09-042,SACRED HEART COLLEGE-SCHOOL PREMISES II,0,0,0,0,1,0,1,1,0,0,0,0,0,
ABIA,ABA NORTH,ARIARIA MARKET,01-01-09-042,SACRED HEART COLLEGE-SCHOOL PREMISES III,0,0,0,0,1,0,1,1,0,0,0,0,0,
ABIA,ABA NORTH,ARIARIA MARKET,01-01-09-047,SACRED HEART COLLEGE-SCHOOL PREMISES V,0,0,0,0,1,0,1,1,0,0,0,0,0,
ABIA,ABA NORTH,OGBOR I,01-01-10-005,OGBOR HILL HALL  - COUNCIL HALL I,0,0,0,0,1,0,1,1,0,0,0,0,0,
ABIA,ABA NORTH,OGBOR I,01-01-10-009,OGBOR HILL HALL  - COUNCIL HALL V,0,0,0,0,1,0,1,1,0,0,0,0,0,
ABIA,ABA NORTH,OGBOR I,01-01-10-009,HIS STEPS PRIM.SCHOOL  - SCHOOL PREMISES I,0,0,0,0,1,0,1,1,0,0,0,0,0,
ABIA,ABA NORTH,OGBOR I,01-01-10-012,HIS STEPS PRIM.SCHOOL  - SCHOOL PREMISES III,0,0,0,0,1,0,1,1,0,0,0,0,0,
ABIA,ABA NORTH,OGBOR I,01-01-10-014,NEW UMUAHIA RD.PRIM.SCHOOL  - SCHOOL PREMISES I,0,0,0,0,1,0,1,1,0,0,0,0,0,
ABIA,ABA NORTH,OGBOR I,01-01-10-020,MERCY GIRLS SEC.SCHOOL  - SCHOOL PREMISES II,0,0,0,0,1,0,1,1,0,0,0,0,0,
ABIA,ABA NORTH,OGBOR I,01-01-10-023,MERCY GIRLS SEC.SCHOOL  - SCHOOL PREMISES V,0,0,0,0,1,0,1,1,0,0,0,0,0,
ABIA,ABA NORTH,OGBOR I,01-01-10-026,MERCY GIRLS SEC.SCHOOL  - SCHOOL PREMISES VIII,0,0,0,0,1,0,1,1,0,0,0,0,0,
ABIA,ABA NORTH,OGBOR II,01-01-11-002,OGBOR HILL PRIM. SCHOOL - SCHOOL PREMISES III,0,0,0,0,1,0,1,1,0,0,0,0,0,
ABIA,ABA NORTH,OGBOR II,01-01-11-006,GIRLS HIGH SCHOOL  - SCHOOL PREMISES I,0,0,0,0,1,0,1,1,0,0,0,0,0,
ABIA,ABA NORTH,OGBOR II,01-01-11-008,GIRLS HIGH SCHOOL  - SCHOOL PREMISES III,0,0,0,0,1,0,1,1,0,0,0,0,0,
ABIA,ABA NORTH,OGBOR II,01-01-11-010,GIRLS HIGH SCHOOL  - SCHOOL PREMISES V,0,0,0,0,1,0,1,1,0,0,0,0,0,
ABIA,ABA NORTH,OGBOR II,01-01-11-012,ROYAL COMM. SCHOOL  - SCHOOL PREMISES I,0,0,0,0,1,0,1,1,0,0,0,0,0,
ABIA,ABA NORTH,OGBOR II,01-01-11-012,ROYAL COMM. SCHOOL  - SCHOOL PREMISES II,0,0,0,0,1,0,1,1,0,0,0,0,0,
ABIA,ABA NORTH,OGBOR II,01-01-11-012,ROYAL COMM. SCHOOL  - SCHOOL PREMISES III,0,0,0,0,1,0,1,1,0,0,0,0,0,
ABIA,ABA NORTH,OGBOR II,01-01-11-012,ROYAL COMM. SCHOOL  - SCHOOL PREMISES IV,0,0,0,0,1,0,1,1,0,0,0,0,0,
ABIA,ABA NORTH,OGBOR II,01-01-11-017,ROYAL COMM. SCHOOL  - SCHOOL PREMISES VI,0,0,0,0,1,0,1,1,0,0,0,0,0,
ABIA,ABA NORTH,OGBOR II,01-01-11-017,ROYAL COMM. SCHOOL  - SCHOOL PREMISES VII,0,0,0,0,1,0,1,1,0,0,0,0,0,
ABIA,ABA NORTH,OGBOR II,01-01-11-017,ROYAL COMM. SCHOOL  - SCHOOL PREMISES VIII,0,0,0,0,1,0,1,1,0,0,0,0,0,
ABIA,ABA NORTH,OGBOR II,01-01-11-017,ROYAL COMM. SCHOOL  - SCHOOL PREMISES IX,0,0,0,0,1,0,1,1,0,0,0,0,0,
ABIA,ABA NORTH,OGBOR II,01-01-11-024,FEDERAL HOUSING ESTATE-SEC.PREMISES IV,0,0,0,0,1,0,1,1,0,0,0,0,0,
ABIA,ABA NORTH,UMUOGOR,01-01-12-001,UMUOGOR/UMUASOKE HALL-COUNCIL HALL II,0,0,0,0,1,0,1,1,0,0,0,0,0,
ABIA,ABA NORTH,UMUOGOR,01-01-12-005,UMUOGOR/UMUASOKE HALL-COUNCIL HALL VI,0,0,0,0,1,0,1,1,0,0,0,0,0,
ABIA,ABA NORTH,UMUOGOR,01-01-12-007,UMUOGOR/UMUASOKE HALL-COUNCIL HALL VIII,0,0,0,0,1,0,1,1,0,0,0,0,0,
ABIA,ABA NORTH,UMUOGOR,01-01-12-012,UMUOGOR HEALTH CENTRE-HEALTH CENTRE V,0,0,0,0,1,0,1,1,0,0,0,0,0,
ABIA,ABA NORTH,UMUOGOR,01-01-12-012,UMUOGOR HEALTH CENTRE-HEALTH CENTRE VI,0,0,0,0,1,0,1,1,0,0,0,0,0,
ABIA,ABA SOUTH,ASA,01-02-02-002,ASA RAILWAY HALT PRIMARY SCHOOL III,0,0,0,0,1,0,1,1,0,0,0,0,0,
ABIA,ABA SOUTH,ASA,01-02-02-008,ASA-SCHOOL ROAD PRIM.SCH II,0,0,0,0,1,0,1,1,0,0,0,0,0,
ABIA,ABA SOUTH,ASA,01-02-02-019,ASA UKPOR HALL II,0,0,0,0,1,0,1,1,0,0,0,0,0,
ABIA,ABA SOUTH,ENYIMBA,01-02-03-012,ENYIMBA-EKWULUMILI HALL I,0,0,0,0,1,0,1,1,0,0,0,0,0,
ABIA,ABA SOUTH,OHAZU I,01-02-05-007,OHAZU I AKOLI PRIM.SCHOOL III,0,0,0,0,1,0,1,1,0,0,0,0,0,
ABIA,ABA SOUTH,OHAZU II,01-02-05-030,OHAZU II-NDIEGORO VILLAGE HALL I,0,0,0,0,1,0,1,1,0,0,0,0,0,
ABIA,ABA SOUTH,OHAZU II,01-02-05-030,OHAZU II-NDIEGORO VILLAGE HALL II,0,0,0,0,1,0,1,1,0,0,0,0,0,
ABIA,ABA SOUTH,OHAZU II,01-02-05-030,OHAZU II-NDIEGORO VILLAGE HALL III,0,0,0,0,1,0,1,1,0,0,0,0,0,
ABIA,ABA SOUTH,OHAZU II,01-02-05-030,OHAZU II-NDIEGORO VILLAGE HALL IV,0,0,0,0,1,0,1,1,0,0,0,0,0,
ABIA,ABA SOUTH,OHAZU II,01-02-06-005,OHAZU II - UMUOGELE PRI. SCH. I,0,0,0,0,1,0,1,1,0,0,0,0,0,
ABIA,ABA SOUTH,OHAZU II,01-02-06-005,OHAZU II - UMUOGELE PRI. SCH. II,0,0,0,0,1,0,1,1,0,0,0,0,0,
ABIA,ABA SOUTH,OHAZU II,01-02-06-005,OHAZU II - UMUOGELE PRI. SCH. III,0,0,0,0,1,0,1,1,0,0,0,0,0,
ABIA,ABA SOUTH,OHAZU II,01-02-06-012,OHAZU II - IHIEORJI SECONDARY SCHOOL IV,0,0,0,0,1,0,1,1,0,0,0,0,0,
ABIA,ABA SOUTH,OHAZU II,01-02-06-014,OHAZU II - IHIEORJI VILLAGE SCHOOL I,0,0,0,0,1,0,1,1,0,0,0,0,0,
ABIA,ABA SOUTH,IGWEBUIKE,01-02-07-015,IGWEBUIKE-NNENTU VILLAGE HALL II,0,0,0,0,1,0,1,1,0,0,0,0,0,
ABIA,ABA SOUTH,GLOUCESTER,01-02-09-002,GLOUCESTER-AMAOKWE ITEM HALL III,0,0,0,0,1,0,1,1,0,0,0,0,0,
ABIA,ABA SOUTH,GLOUCESTER,01-02-09-002,GLOUCESTER-AMAOKWE ITEM HALL IV,0,0,0,0,1,0,1,1,0,0,0,0,0,
ABIA,ABA SOUTH,GLOUCESTER,01-02-09-005,GLOUCESTER-AMAOKWE ITEM HALL VI,0,0,0,0,1,0,1,1,0,0,0,0,0,
ABIA,ABA SOUTH,GLOUCESTER,01-02-09-008,GLOUCESTER - MARKET ROAD PRIM. SCHOOL III,0,0,0,0,1,0,1,1,0,0,0,0,0,
ABIA,ABA SOUTH,GLOUCESTER,01-02-09-010,GLOUCESTER - MARKET ROAD PRIM. SCHOOL V,0,0,0,0,1,0,1,1,0,0,0,0,0,
ABIA,ABA SOUTH,GLOUCESTER,01-02-09-013,GLOUCESTER-MARKET ROAD PRIM. SCHOOL VIII,0,0,0,0,1,0,1,1,0,0,0,0,0,
ABIA,ABA SOUTH,GLOUCESTER,01-02-09-018,GLOUCESTER-OLD COURT PRIM. SCHOOL II,0,0,0,0,1,0,1,1,0,0,0,0,0,
ABIA,ABA SOUTH,GLOUCESTER,01-02-09-020,GLOUCESTER-OLD COURT PRIM. SCHOOL IV,0,0,0,0,1,0,1,1,0,0,0,0,0,
ABIA,ABA SOUTH,GLOUCESTER,01-02-09-022,GLOUCESTER-OLD COURT PRIM. SCHOOL  VI,0,0,0,0,1,0,1,1,0,0,0,0,0,
ABIA,ABA SOUTH,GLOUCESTER,01-02-09-022,GLOUCESTER-OLD COURT PRIM. SCHOOL VII,0,0,0,0,1,0,1,1,0,0,0,0,0,
ABIA,ABA SOUTH,GLOUCESTER,01-02-09-025,GLOUCESTER-GREEN STREET PRIM.SCHOOL II,0,0,0,0,1,0,1,1,0,0,0,0,0,
ABIA,ABA SOUTH,MOSQUE,01-02-10-007,MOSQUE -MOSQUE.SCHOOL I,0,0,0,0,1,0,1,1,0,0,0,0,0,
ABIA,ABA SOUTH,MOSQUE,01-02-10-007,MOSQUE -MOSQUE.SCHOOL II,0,0,0,0,1,0,1,1,0,0,0,0,0,
ABIA,ABA SOUTH,MOSQUE,01-02-10-011,MOSQUE EHI ROAD PRIM.SCHL I,0,0,0,0,1,0,1,1,0,0,0,0,0,
ABIA,ABA SOUTH,ABA RIVER,01-02-11-016,ABA RIVER-RIVERSIDE PRIMARY SCHOOL III,0,0,0,0,1,0,1,1,0,0,0,0,0,
ABIA,ABA SOUTH,ABA RIVER,01-02-11-016,ABA RIVER-ULASI ROAD PRIMARY SCHOOL I,0,0,0,0,1,0,1,1,0,0,0,0,0,
ABIA,ABA SOUTH,ABA RIVER,01-02-11-020,ABA RIVER-DANFODIO ROAD PRIMARY SCHOOL I,0,0,0,0,1,0,1,1,0,0,0,0,0,
ABIA,ABA SOUTH,ABA RIVER,01-02-11-020,ABA RIVER-DANFODIO ROAD PRIMARY SCHOOL II,0,0,0,0,1,0,1,1,0,0,0,0,0,
ABIA,ABA SOUTH,ABA RIVER,01-02-11-020,ABA RIVER-DANFODIO ROAD PRIMARY SCHOOL III,0,0,0,0,1,0,1,1,0,0,0,0,0,
ABIA,ABA SOUTH,ABA RIVER,01-02-11-025,ABA RIVER-NDOKI ROAD PRIMARY SCHOOL II,0,0,0,0,1,0,1,1,0,0,0,0,0,
ABIA,AROCHUKWU,OHAEKE,01-03-02-006,OHAEKE V/ITUM BEACH HALL,0,0,0,0,1,0,1,1,0,0,0,0,0,
ABIA,AROCHUKWU,OHAEKE,01-03-02-006,"OHAEKE VI NDI AGWUMU COMM
SCH.",0,0,0,0,1,0,1,1,0,0,0,0,0,
ABIA,AROCHUKWU,OHAEKE,01-03-02-006,OHAEKE VII/I ONU OGO NDITE HALL,0,0,0,0,1,0,1,1,0,0,0,0,0,
ABIA,AROCHUKWU,UTUTU,01-03-09-009,OBIAGWULU II/ONU OGO OBIAGWULU II,0,0,0,0,1,0,1,1,0,0,0,0,0,
ABIA,AROCHUKWU,UTUTU,01-03-09-015,OBIJIMA II/EZIAMA VILLAGE SQUARE,0,0,0,0,1,0,1,1,0,0,0,0,0,
ABIA,AROCHUKWU,AROCHUKWU III,01-03-11-004,AMUVI I/AMUVI COMM. PRIM.SCH,0,0,0,0,1,0,1,1,0,0,0,0,0,
ABIA,BENDE,OZUITEM,01-04-10-008,AMANKWO - AMANKWO VILLAGE HALL,0,0,0,0,1,0,1,1,0,0,0,0,0,
ABIA,BENDE,UMU - IMENYI,01-04-12-006,LOHUM - CENTRAL  SCHOOL LOHUM II,0,0,0,0,1,0,1,1,0,0,0,0,0,
ABIA,BENDE,UMU - IMENYI,01-04-12-015,NKPA - AMAEDUKWU VILLAGE HALL,0,0,0,0,1,0,1,1,0,0,0,0,0,
ABIA,BENDE,UMU - IMENYI,01-04-12-022,AMAEDIABA - AMAEDIABA MKT. SQUARE II,0,0,0,0,1,0,1,1,0,0,0,0,0,
ABIA,BENDE,UZUAKOLI,01-04-13-014,AMUHI - AMUHI TOWN HALL,0,0,0,0,1,0,1,1,0,0,0,0,0,
ABIA,ISIALA NGWA NORTH,AMASAA NSULU,01-05-10-008,UMUNKOLO AMACHI - VILLAGE SQUARE - UMUNKOLO,0,0,0,0,1,0,1,1,0,0,0,0,0,
ABIA,ISIALA NGWA NORTH,AMASAA NSULU,01-06-01-007,AROACHARA - VILLAGE SQUARE AROACHARA,0,0,0,0,1,0,1,1,0,0,0,0,0,
ABIA,ISUIKWUATO,ISU AMAWU,01-08-04-011,OBINOHIA VILLAGE HALL / OBINOHIA II,0,0,0,0,1,0,1,1,0,0,0,0,0,
ABIA,ISUIKWUATO,ACHARA / MGBUGWU,01-08-06-010,OGWAHIA HALL - ACHARA,0,0,0,0,1,0,1,1,0,0,0,0,0,
ABIA,ISUIKWUATO,ACHARA / MGBUGWU,01-08-06-010,ACHARA CENTRAL SCHOOL - ACHARA,0,0,0,0,1,0,1,1,0,0,0,0,0,
ABIA,ISUIKWUATO,ACHARA / MGBUGWU,01-08-06-010,UGWUOGU MARKET SQUARE - MBAUGWU,0,0,0,0,1,0,1,1,0,0,0,0,0,
ABIA,ISUIKWUATO,ACHARA / MGBUGWU,01-08-07-008,NNEMBI HALL - MBAUGWU,0,0,0,0,1,0,1,1,0,0,0,0,0,
ABIA,ISUIKWUATO,ACHARA / MGBUGWU,01-08-07-008,AMAIDI CIVIL CENTRE - ACHARA,0,0,0,0,1,0,1,1,0,0,0,0,0,
ABIA,ISUIKWUATO,ACHARA / MGBUGWU,01-08-07-008,AMANYANWU HALL - ACHARA,0,0,0,0,1,0,1,1,0,0,0,0,0,
ABIA,ISUIKWUATO,IKEAGHA I,01-08-07-012,AKPUKPA COMMUNITY SCHOOL - AKPUKPA,0,0,0,0,1,0,1,1,0,0,0,0,0,
ABIA,ISUIKWUATO,IKEAGHA I,01-08-08-002,NDUNDU COMMUNITY SCHOOL -  NDUNDU,0,0,0,0,1,0,1,1,0,0,0,0,0,
ABIA,ISUIKWUATO,IKEAGHA I,01-08-08-002,NDUNDU MARKET SQUARE -  NDUNDU,0,0,0,0,1,0,1,1,0,0,0,0,0,
ABIA,ISUIKWUATO,IKEAGHA I,01-08-08-002,INTERNATIONAL SECONDARY SCHOOL - UTURU,0,0,0,0,1,0,1,1,0,0,0,0,0,
ABIA,ISUIKWUATO,IKEAGHA I,01-08-08-002,AMAUKWU VILLAGE SQUARE - AKPUKPA,0,0,0,0,1,0,1,1,0,0,0,0,0,
ABIA,ISUIKWUATO,IKEAGHA I,01-08-08-002,UMURATA VILLAGE SQUARE - UMURATA,0,0,0,0,1,0,1,1,0,0,0,0,0,
ABIA,OBINGWA,ABAYI  II,01-09-02-003,UMUIMEGWU MKT. SQUARE,0,0,0,0,1,0,1,1,0,0,0,0,0,
ABIA,OBINGWA,ABAYI  II,01-09-02-003,ABAYI OKOROATO - OKOROATO MKT. SQUARE,0,0,0,0,1,0,1,1,0,0,0,0,0,
ABIA,OBINGWA,ABAYI  II,01-09-02-003,ABAYI UMUEJE - UMUEJE MKT.  SQUARE,0,0,0,0,1,0,1,1,0,0,0,0,0,
ABIA,OBINGWA,ABAYI  II,01-09-02-007,EHERE I - COMM. PRI SCH. EHERE,0,0,0,0,1,0,1,1,0,0,0,0,0,
ABIA,OBINGWA,ABAYI  II,01-09-02-017,UMUAKARA  VILLAGE SQUARE,0,0,0,0,1,0,1,1,0,0,0,0,0,
ABIA,OBINGWA,MGBOKO UMUANUNU,01-09-03-004,UMUANUNU - MGBOKO UMUANUNU SEC. SCH.,0,0,0,0,1,0,1,1,0,0,0,0,0,
ABIA,OBINGWA,MGBOKO UMUANUNU,01-09-03-009,NTIGHA UMUARO VILLAGE HALL,0,0,0,0,1,0,1,1,0,0,0,0,0,
ABIA,OBINGWA,MGBOKO UMUANUNU,01-09-03-012,UMUOPARA EGBELU - UMUOPARA EGBELU MKT SQUARE,0,0,0,0,1,0,1,1,0,0,0,0,0,
ABIA,OBINGWA,MGBOKO UMUANUNU,01-09-03-012,UMUHUUABA - UMUHUABA CIVIC HALL,0,0,0,0,1,0,1,1,0,0,0,0,0,
ABIA,OBINGWA,MGBOKO UMUANUNU,01-09-03-012,UMOSIUKWU / UMUOSI - NENU CIVIC CENTRE,0,0,0,0,1,0,1,1,0,0,0,0,0,
ABIA,OBINGWA,MGBOKO ITUNGWA,01-09-04-001,ITUNGWA  II - ITUNGWA C.P.S,0,0,0,0,1,0,1,1,0,0,0,0,0,
ABIA,OBINGWA,MGBOKO ITUNGWA,01-09-04-003,ITUKPA  II  -  ITUKPA VILL. HALL,0,0,0,0,1,0,1,1,0,0,0,0,0,
ABIA,OBINGWA,MGBOKO ITUNGWA,01-09-04-003,UMUOSIUKWU - UMUOSIUKWU MKT. SQ,0,0,0,0,1,0,1,1,0,0,0,0,0,
ABIA,OBINGWA,MGBOKO ITUNGWA,01-09-04-006,UMULELU - UMULELU VILLAGE HALL,0,0,0,0,1,0,1,1,0,0,0,0,0,
ABIA,OBINGWA,MGBOKO ITUNGWA,01-09-04-006,MGBOKO UMUORIA - MABOKO UMUORIA C.P.S,0,0,0,0,1,0,1,1,0,0,0,0,0,
ABIA,OBINGWA,MGBOKO ITUNGWA,01-09-04-006,UMUOSI - UMUOSI VILLAGE HALL,0,0,0,0,1,0,1,1,0,0,0,0,0,
ABIA,OBINGWA,MGBOKO ITUNGWA,01-09-04-006,MBUTU  CIVIC HALL,0,0,0,0,1,0,1,1,0,0,0,0,0,
ABIA,OBINGWA,MGBOKO ITUNGWA,01-09-04-011,ICHI  CIVIC HALL,0,0,0,0,1,0,1,1,0,0,0,0,0,
ABIA,OBINGWA,MGBOKO ITUNGWA,01-09-04-011,MGBOKO OSAA UKWU HALL,0,0,0,0,1,0,1,1,0,0,0,0,0,
ABIA,OBINGWA,MGBOKO ITUNGWA,01-09-04-014,AMUMARA  I  &  II  - AMUMMARA VILLAGE HALL,0,0,0,0,1,0,1,1,0,0,0,0,0,
ABIA,OBINGWA,MGBOKO ITUNGWA,01-09-04-014,UMUOGELE / UMUOLUGU - UMUOGELE HALL,0,0,0,0,1,0,1,1,0,0,0,0,0,
ABIA,OBINGWA,MGBOKO ITUNGWA,01-09-04-014,MBARAODU / UMUNEKERE - CIVIC HALL,0,0,0,0,1,0,1,1,0,0,0,0,0,
ABIA,OBINGWA,MGBOKO ITUNGWA,01-09-04-014,AKOLI - AKOLI MKT. SQUARE,0,0,0,0,1,0,1,1,0,0,0,0,0,
ABIA,OBINGWA,MGBOKO ITUNGWA,01-09-04-014,UMUKAKA - UMUKAKA VILLAGE  SQUARE,0,0,0,0,1,0,1,1,0,0,0,0,0,
ABIA,OBINGWA,MGBOKO ITUNGWA,01-09-04-014,UMUHU ALAOJI HALL,0,0,0,0,1,0,1,1,0,0,0,0,0,
ABIA,OBINGWA,MGBOKO ITUNGWA,01-09-04-014,AGBURUIKE ISIUGWU HALL,0,0,0,0,1,0,1,1,0,0,0,0,0,
ABIA,OBINGWA,MGBOKO ITUNGWA,01-09-04-014,UMUAMARA - UMUAMARA  VILLAGE SQUARE,0,0,0,0,1,0,1,1,0,0,0,0,0,
ABIA,OBINGWA,MGBOKO ITUNGWA,01-09-04-014,ACHARA VILLAGE SQUARE,0,0,0,0,1,0,1,1,0,0,0,0,0,
ABIA,OBINGWA,MGBOKO ITUNGWA,01-09-04-024,AMAOJI - AMAOJI CIVIC HALL,0,0,0,0,1,0,1,1,0,0,0,0,0,
ABIA,OBINGWA,MGBOKO ITUNGWA,01-09-04-024,UMUIKEA - UMUIKEA VILL.  HALL,0,0,0,0,1,0,1,1,0,0,0,0,0,
ABIA,OBINGWA,MGBOKO ITUNGWA,01-09-04-024,AKPUGA - AKPUGA CIVIC CENTRE,0,0,0,0,1,0,1,1,0,0,0,0,0,
ABIA,OBINGWA,MGBOKO ITUNGWA,01-09-04-024,AMUZU OSAA UKWU I & II AMUZU HALL,0,0,0,0,1,0,1,1,0,0,0,0,0,
ABIA,OBINGWA,MGBOKO ITUNGWA,01-09-04-024,UMUOKEREKE - UHIE COURT HALL,0,0,0,0,1,0,1,1,0,0,0,0,0,
ABIA,OBINGWA,MGBOKO ITUNGWA,01-09-04-024,OKURU OHAKA - ORURU OHAKA VILLAGE HALL,0,0,0,0,1,0,1,1,0,0,0,0,0,
ABIA,OBINGWA,MGBOKO ITUNGWA,01-09-04-024,UMUADA - UMUADA VILL. SQUARE,0,0,0,0,1,0,1,1,0,0,0,0,0,
ABIA,OBINGWA,MABOKO AMAIRI,01-09-06-008,EZIAMA / UMUOTU - EZIAMA C.P.S,0,0,0,0,1,0,1,1,0,0,0,0,0,
ABIA,OBINGWA,ALAUKWU OHANZE,01-09-07-015,UMUAGWU - UMUAGWU  VILLAGE SQUARE,0,0,0,0,1,0,1,1,0,0,0,0,0,
ABIA,OBINGWA,ALAUKWU OHANZE,01-09-07-020,UMUEKE -  VILLAGE HALL,0,0,0,0,1,0,1,1,0,0,0,0,0,
ABIA,OBINGWA,AKUMAIMO,01-09-08-001,UMUOMAI  - UMUOMAI HALL,0,0,0,0,1,0,1,1,0,0,0,0,0,
ABIA,OBINGWA,AKUMAIMO,01-09-08-003,OVOM AMASA - SEC.  SCH. OVOM,0,0,0,0,1,0,1,1,0,0,0,0,0,
ABIA,OBINGWA,AKUMAIMO,01-09-08-003,OVOM GIRLS AREA - OVOM GIRLS SEC. SCHOOL,0,0,0,0,1,0,1,1,0,0,0,0,0,
ABIA,OBINGWA,AKUMAIMO,01-09-08-003,OVOM - C.P.S  OVOM,0,0,0,0,1,0,1,1,0,0,0,0,0,
ABIA,OBINGWA,AKUMAIMO,01-09-08-003,MBARAIKORO  - MBARAIKORO  MKT. SQUARE,0,0,0,0,1,0,1,1,0,0,0,0,0,
ABIA,OBINGWA,AKUMAIMO,01-09-08-008,UMUOKENYI  -  VILLAGE HALL,0,0,0,0,1,0,1,1,0,0,0,0,0,
ABIA,OBINGWA,AKUMAIMO,01-09-08-010,OBIKABIA   -  MKT.  SQUARE,0,0,0,0,1,0,1,1,0,0,0,0,0,
ABIA,OBINGWA,AKUMAIMO,01-09-08-010,UMUOKORO  - UMUOKORO   VILLAGE  HALL,0,0,0,0,1,0,1,1,0,0,0,0,0,
ABIA,OBINGWA,AKUMAIMO,01-09-08-010,AGBURUIKE   II   -   AGBURUIKE   VILLAGE SQAURE,0,0,0,0,1,0,1,1,0,0,0,0,0,
ABIA,OBINGWA,AKUMAIMO,01-09-08-010,OBUDA  -  OBUDA  HALL,0,0,0,0,1,0,1,1,0,0,0,0,0,
ABIA,OBINGWA,AKUMAIMO,01-09-08-010,AKPAA - AFOR AKPAA MKT SQUARE,0,0,0,0,1,0,1,1,0,0,0,0,0,
ABIA,OBINGWA,AKUMAIMO,01-09-08-016,NTIGHA  MBARAEGBU  -   VILLAGE SQUARE,0,0,0,0,1,0,1,1,0,0,0,0,0,
ABIA,OBINGWA,NDIAKATA / AMAIRINABUA,01-09-09-010,UMUNWANNA  -   VILLAGE HALL UMUNWANNNA,0,0,0,0,1,0,1,1,0,0,0,0,0,
ABIA,OBINGWA,NTIGHAUZO AMAIRI,01-09-09-025,OKENYI - OKENYI  VILLAGE HALL,0,0,0,0,1,0,1,1,0,0,0,0,0,
ABIA,OBINGWA,NTIGHAUZO AMAIRI,01-09-09-025,OBETE NCHINA - OBETE NCHINA HALL,0,0,0,0,1,0,1,1,0,0,0,0,0,
ABIA,OBINGWA,IBEME,01-09-10-015,OBIHOM  -  OBIHOM   VILLAGE HALL,0,0,0,0,1,0,1,1,0,0,0,0,0,
ABIA,OHAFIA,ISIAMA OHAFIA,01-09-11-021,OHAFIA CENT. SCHOOL,0,0,0,0,1,0,1,1,0,0,0,0,0,
ABIA,OHAFIA,ISIAMA OHAFIA,01-09-11-021,FURTURE HOPE NURSERY SCHOOL / ELU PRAYER HALL,0,0,0,0,1,0,1,1,0,0,0,0,0,
ABIA,OHAFIA,ISIAMA OHAFIA,01-09-11-021,NDI IMAGA COMPOUND - NDI IMAGA HALL  I,0,0,0,0,1,0,1,1,0,0,0,0,0,
ABIA,OHAFIA,ISIAMA OHAFIA,01-09-11-021,NDI IMAGA COMPOUND   - NDI IMAGA HALL  II,0,0,0,0,1,0,1,1,0,0,0,0,0,
ABIA,OHAFIA,ISIAMA OHAFIA,01-09-11-021,ELU  COMM. SCHOOL,0,0,0,0,1,0,1,1,0,0,0,0,0,
ABIA,OHAFIA,ISIAMA OHAFIA,01-09-11-021,ELU MOTOR PARK,0,0,0,0,1,0,1,1,0,0,0,0,0,
ABIA,OHAFIA,ISIAMA OHAFIA,01-09-11-021,NDI UKAIKE HALL,0,0,0,0,1,0,1,1,0,0,0,0,0,
ABIA,OHAFIA,ISIAMA OHAFIA,01-09-11-021,NDI UMUOZIO  HALL,0,0,0,0,1,0,1,1,0,0,0,0,0,
ABIA,OHAFIA,ISIAMA OHAFIA,01-09-11-021,AFIA UDA MKT. I SQUARE,0,0,0,0,1,0,1,1,0,0,0,0,0,
ABIA,OHAFIA,ISIAMA OHAFIA,01-09-11-021,AFIA UDA MKT. II SQUARE,0,0,0,0,1,0,1,1,0,0,0,0,0,
ABIA,OHAFIA,ISIAMA OHAFIA,01-09-11-021,AFIA UDA MKT. IIII SQUARE,0,0,0,0,1,0,1,1,0,0,0,0,0,
ABIA,OHAFIA,ISIAMA OHAFIA,01-09-11-021,NDI IKUKU / ODIKE HALL,0,0,0,0,1,0,1,1,0,0,0,0,0,
ABIA,OHAFIA,ISIAMA OHAFIA,01-09-11-021,NDI AJA COMPOUND HALL,0,0,0,0,1,0,1,1,0,0,0,0,0,
ABIA,OHAFIA,ISIAMA OHAFIA,01-09-11-021,AMAEKPU MOTOR PARK I,0,0,0,0,1,0,1,1,0,0,0,0,0,
ABIA,OHAFIA,ISIAMA OHAFIA,01-09-11-021,UGWU SECTION PRAYER HALL,0,0,0,0,1,0,1,1,0,0,0,0,0,
ABIA,OHAFIA,ISIAMA OHAFIA,01-09-11-021,AMAEKPU MOTOR PARK II,0,0,0,0,1,0,1,1,0,0,0,0,0,
ABIA,OHAFIA,ISIAMA OHAFIA,01-09-11-021,NDI UYO HALL,0,0,0,0,1,0,1,1,0,0,0,0,0,
ABIA,OHAFIA,ISIAMA OHAFIA,01-09-11-021,OFALI AGWU PRIMARY SCHOOL,0,0,0,0,1,0,1,1,0,0,0,0,0,
ABIA,OHAFIA,ISIAMA OHAFIA,01-09-11-021,AHAWA  - AHAWA SQUARE,0,0,0,0,1,0,1,1,0,0,0,0,0,
ABIA,OHAFIA,ISIAMA OHAFIA,01-09-11-021,OHAFIA GIRLS SEC. SCHOOL,0,0,0,0,1,0,1,1,0,0,0,0,0,
ABIA,OHAFIA,ISIAMA OHAFIA,01-09-11-021,NDI OFALI AGWU COMP. HALL I,0,0,0,0,1,0,1,1,0,0,0,0,0,
ABIA,OHAFIA,ISIAMA OHAFIA,01-09-11-021,NDI OFALI AGWU COMP. HALL II,0,0,0,0,1,0,1,1,0,0,0,0,0,
ABIA,OHAFIA,ISIAMA OHAFIA,01-09-11-021,OLD OWUWA ANYANWU  I  OKAGWE,0,0,0,0,1,0,1,1,0,0,0,0,0,
ABIA,OHAFIA,ISIAMA OHAFIA,01-09-11-021,OLD OWUWA ANYANWU  II OKAGWE,0,0,0,0,1,0,1,1,0,0,0,0,0,
ABIA,OHAFIA,ISIAMA OHAFIA,01-09-11-021,OKAGWE COMM SCH. I  -  OKAGWE COMM. SCHOOL,0,0,0,0,1,0,1,1,0,0,0,0,0,
ABIA,OHAFIA,ISIAMA OHAFIA,01-09-11-021,OKAGWE COMM SCH. II -  OKAGWE COMM. SCHOOL,0,0,0,0,1,0,1,1,0,0,0,0,0,
ABIA,OHAFIA,ISIAMA OHAFIA,01-09-11-021,OKAGWE TOWN SQUARE  I,0,0,0,0,1,0,1,1,0,0,0,0,0,
ABIA,OHAFIA,ISIAMA OHAFIA,01-09-11-021,OKAGWE TOWN SQUARE  II,0,0,0,0,1,0,1,1,0,0,0,0,0,
ABIA,OHAFIA,ISIAMA OHAFIA,01-09-11-021,NKWEBI COMM. SCH.  I  -  NKWEBI  SCH. PREMISES,0,0,0,0,1,0,1,1,0,0,0,0,0,
ABIA,OHAFIA,ISIAMA OHAFIA,01-09-11-021,NKWEBI COMM. SCH.  II -    NKWEBI  SCH. PREMISES,0,0,0,0,1,0,1,1,0,0,0,0,0,
ABIA,OHAFIA,ISIAMA OHAFIA,01-09-11-021,ONUKWU COMM. SCH. I  -  SCH. PREMISES,0,0,0,0,1,0,1,1,0,0,0,0,0,
ABIA,OHAFIA,ISIAMA OHAFIA,01-09-11-021,ONUKWU COMM. SCH. II -  SCH. PREMISES,0,0,0,0,1,0,1,1,0,0,0,0,0,
ABIA,OHAFIA,ISIAMA OHAFIA,01-09-11-021,NDI UDUMA  UKWU HALL,0,0,0,0,1,0,1,1,0,0,0,0,0,
ABIA,OHAFIA,ISIAMA OHAFIA,01-09-11-021,NDIA NKU VILLAGE HALL,0,0,0,0,1,0,1,1,0,0,0,0,0,
ABIA,OHAFIA,ISIAMA OHAFIA,01-09-11-021,AMAOBA  AMAEKPU HALL,0,0,0,0,1,0,1,1,0,0,0,0,0,
ABIA,OHAFIA,ISIAMA OHAFIA,01-09-11-021,AMAEKPU  COMM.  SCHOOL,0,0,0,0,1,0,1,1,0,0,0,0,0,
ABIA,OHAFIA,ISIAMA OHAFIA,01-09-11-021,SAPELE / AMUKE ROAD  - CO-OPERATIVE SOCIETY OFFICE  HALL,0,0,0,0,1,0,1,1,0,0,0,0,0,
ABIA,OHAFIA,ISIAMA OHAFIA,01-09-11-021,NDI EKE-NDI EKE HALL,0,0,0,0,1,0,1,1,0,0,0,0,0,
ABIA,OHAFIA,EBEM OHAFIA,01-10-02-007,NDI OKWARA COMP. HALL,0,0,0,0,1,0,1,1,0,0,0,0,0,
ABIA,OHAFIA,AGBOJI ABIRIBA,01-10-06-015,KAMALU - OKAGWO AGBOJI HALL,0,0,0,0,1,0,1,1,0,0,0,0,0,
ABIA,OHAFIA,AGBOJI ABIRIBA,01-10-06-015,AMABIA - NDI ICHA COMPOUND SQ,0,0,0,0,1,0,1,1,0,0,0,0,0,
ABIA,OHAFIA,AGBOJI ABIRIBA,01-10-06-015,NDI OKOROEZI - NDI ICHA COMPOUND  SQ.,0,0,0,0,1,0,1,1,0,0,0,0,0,
ABIA,OHAFIA,AGBOJI ABIRIBA,01-10-06-015,AMAGBO - NDI AGWU COMPOUND,0,0,0,0,1,0,1,1,0,0,0,0,0,
ABIA,OHAFIA,AGBOJI ABIRIBA,01-10-06-015,AGBOJI PRI. SCH.  - AGBOJI PRI. SCH. PREMISES,0,0,0,0,1,0,1,1,0,0,0,0,0,
ABIA,OHAFIA,AGBOJI ABIRIBA,01-10-06-015,AMAELU I - AMAELU HALL I,0,0,0,0,1,0,1,1,0,0,0,0,0,
ABIA,OHAFIA,AGBOJI ABIRIBA,01-10-06-015,AMAOBOSI  - AMAOBOSI  HALL,0,0,0,0,1,0,1,1,0,0,0,0,0,
ABIA,OHAFIA,AGBOJI ABIRIBA,01-10-06-015,ONU AGBOJI  I  -  AGBOJI  PRI.  SCH.,0,0,0,0,1,0,1,1,0,0,0,0,0,
ABIA,OHAFIA,AGBOJI ABIRIBA,01-10-06-015,ONU AGBOJI  II -  AGBOJI  PRI.  SCH.,0,0,0,0,1,0,1,1,0,0,0,0,0,
ABIA,OHAFIA,AGBOJI ABIRIBA,01-10-06-015,AMAELU  II - AMAELU  HALL,0,0,0,0,1,0,1,1,0,0,0,0,0,
ABIA,OHAFIA,OKAMU OHAFIA,01-10-08-024,NDI OWAN / UME COMPS - ANYAFUMBA HALL,0,0,0,0,1,0,1,1,0,0,0,0,0,
ABIA,OHAFIA,OKAMU OHAFIA,01-10-08-024,NDI IDIKA OKORO COMPOUND - IDIKA  OKORO HALL,0,0,0,0,1,0,1,1,0,0,0,0,0,
ABIA,OHAFIA,OKAMU OHAFIA,01-10-08-024,OKAMU SEC. COMM. SCH  - OKAMU SEC.  SCH,0,0,0,0,1,0,1,1,0,0,0,0,0,
ABIA,OHAFIA,OKAMU OHAFIA,01-10-08-024,OMAGHUZO LAYOUT - EMEHUNA HALL,0,0,0,0,1,0,1,1,0,0,0,0,0,
ABIA,OHAFIA,OKAMU OHAFIA,01-10-08-024,OKON CENT. SEC. - OKON CENT. SEC.,0,0,0,0,1,0,1,1,0,0,0,0,0,
ABIA,OHAFIA,OKAMU OHAFIA,01-10-08-024,ALINJI / OBA NDI UMA / ISI OKU  - ALINJI SQUARE,0,0,0,0,1,0,1,1,0,0,0,0,0,
ABIA,OHAFIA,OKAMU OHAFIA,01-10-08-024,NDI UKA / EMEA / UKPAZU  - NDI UKA VILLAGE  SQUARE,0,0,0,0,1,0,1,1,0,0,0,0,0,
ABIA,OHAFIA,OKAMU OHAFIA,01-10-08-024,NDI UKE VILLAGE - NDI UKE VILLAGE SQUARE,0,0,0,0,1,0,1,1,0,0,0,0,0,
ABIA,OHAFIA,OKAMU OHAFIA,01-10-08-024,OLD MARKET NKWO SQUARE OKAMU OHAFIA,0,0,0,0,1,0,1,1,0,0,0,0,0,
ABIA,OHAFIA,OKAMU OHAFIA,01-10-08-024,NDI MBILA COMPOUND - MBILA COMPOUND HALL,0,0,0,0,1,0,1,1,0,0,0,0,0,
ABIA,OHAFIA,OKAMU OHAFIA,01-10-08-024,NDI NCHEGHE VILLAGE - NCHEGHE COMPOUND HALL,0,0,0,0,1,0,1,1,0,0,0,0,0,
ABIA,OHAFIA,OKAMU OHAFIA,01-10-08-024,NDI EZICHI COMPOUND - EZICHI COMPOUND HALL,0,0,0,0,1,0,1,1,0,0,0,0,0,
ABIA,OHAFIA,OKAMU OHAFIA,01-10-08-024,NDI AWA AMANGWU COMPOUND - NDI AWA HALL,0,0,0,0,1,0,1,1,0,0,0,0,0,
ABIA,OHAFIA,OKAMU OHAFIA,01-10-08-024,NDI TORTI - NDI TORTI HALL,0,0,0,0,1,0,1,1,0,0,0,0,0,
ABIA,OHAFIA,OKAMU OHAFIA,01-10-08-024,AMBELE CENT. SCH. II - AMBELE CENT. SCH.,0,0,0,0,1,0,1,1,0,0,0,0,0,
ABIA,OHAFIA,OKAMU OHAFIA,01-10-08-024,NDIOKPO / EZIUKWU -  UDI OKPO HALL,0,0,0,0,1,0,1,1,0,0,0,0,0,
ABIA,OHAFIA,OKAMU OHAFIA,01-10-08-024,NDI UKO / EKEA / MBAULU COMPOUNDS -    NDI UKO HALL,0,0,0,0,1,0,1,1,0,0,0,0,0,
ABIA,OHAFIA,OKAMU OHAFIA,01-10-08-024,NDI EDEM COMPOUND - EDEM COMPOUND HALL,0,0,0,0,1,0,1,1,0,0,0,0,0,
ABIA,OHAFIA,OKAMU OHAFIA,01-10-08-024,"UTUGA UTUGA - UMUANDO 
VILLAGE SQUARE",0,0,0,0,1,0,1,1,0,0,0,0,0,
ABIA,OHAFIA,OKAMU OHAFIA,01-10-08-024,AMAOBA - AMAOBA VILLAGE HALL,0,0,0,0,1,0,1,1,0,0,0,0,0,
ABIA,OHAFIA,OKAMU OHAFIA,01-10-08-024,NDI CHIMA COMPOUND -  NDI CHIMA HALL,0,0,0,0,1,0,1,1,0,0,0,0,0,
ABIA,OHAFIA,OKAMU OHAFIA,01-10-08-024,NDI ECHE COMPOUND - ECHE COMPOUND HALL,0,0,0,0,1,0,1,1,0,0,0,0,0,
ABIA,OHAFIA,OKAMU OHAFIA,01-10-08-024,NDI EBIN COMPOUND - NDI EBIN HALL,0,0,0,0,1,0,1,1,0,0,0,0,0,
ABIA,OSISIOMA,AMASATOR,01-11-03-002,BOUNDARY AVENUE - UMUNGASI  III,0,0,0,0,1,0,1,1,0,0,0,0,0,
ABIA,OSISIOMA,AMASATOR,01-11-03-002,UMULE HALL - UMULE  I,0,0,0,0,1,0,1,1,0,0,0,0,0,
ABIA,OSISIOMA,AMASATOR,01-11-03-006,UMUODE CIVIC CENTRE - UMUODE I,0,0,0,0,1,0,1,1,0,0,0,0,0,
ABIA,OSISIOMA,AMASATOR,01-11-03-014,UMUOCHAM COUNCIL HALL - UMUOCHAM I,0,0,0,0,1,0,1,1,0,0,0,0,0,
ABIA,OSISIOMA,AMASATOR,01-11-03-014,"NGWA HIGH SCH, ABAYI II",0,0,0,0,1,0,1,1,0,0,0,0,0,
ABIA,OSISIOMA,AMASATOR,01-11-03-014,ABAYI VILLAGE HALL - ABAYI  II,0,0,0,0,1,0,1,1,0,0,0,0,0,
ABIA,OSISIOMA,AMASATOR,01-11-03-014,UMUOCHAM GIRLS' SEC. SCH.  -  UMUOCHAM  II,0,0,0,0,1,0,1,1,0,0,0,0,0,
ABIA,OSISIOMA,URTTA,01-11-06-008,OKPOKOROALA COUNCIL HALL,0,0,0,0,1,0,1,1,0,0,0,0,0,
ABIA,OSISIOMA,URTTA,01-11-07-003,UMUEKE COUNCIL HALL,0,0,0,0,1,0,1,1,0,0,0,0,0,
ABIA,OSISIOMA,URTTA,01-11-07-007,UMUOCHOR CIVIC HALL - UMUOCHOR,0,0,0,0,1,0,1,1,0,0,0,0,0,
ABIA,OSISIOMA,URTTA,01-11-07-010,UMUIKAA COUNCIL HALL,0,0,0,0,1,0,1,1,0,0,0,0,0,
ABIA,UKWA  WEST,ASA NORTH,01-14-01-004,OBINGWU VILLAGE HALL / OBINGWU  I,0,0,0,0,1,0,1,1,0,0,0,0,0,
ABIA,UKWA  WEST,OBOKWE,01-14-01-008,CENTRAL SCHOOL OBOKWE / OBOKWE I,0,0,0,0,1,0,1,1,0,0,0,0,0,
ABIA,UKWA  WEST,OBOKWE,01-14-01-008,CENTRAL SCHOOL OBOKWE / OBOKWE II,0,0,0,0,1,0,1,1,0,0,0,0,0,
ABIA,UKWA  WEST,OBOKWE,01-14-01-008,OBOKWE SECONDARY SCHOOL / OBOKWE  III,0,0,0,0,1,0,1,1,0,0,0,0,0,
ABIA,UKWA  WEST,OBOKWE,01-14-01-008,OBOKWE SECONDARY SCHOOL  / OBOKE IV,0,0,0,0,1,0,1,1,0,0,0,0,0,
ABIA,UKWA  WEST,OBOKWE,01-14-01-008,OBOKWE SECONDARY SCHOOL / OBOKWE V,0,0,0,0,1,0,1,1,0,0,0,0,0,
ABIA,UKWA  WEST,OGWE,01-14-03-004,OGWE CENTRAL SCHOOL/OGWE III,0,0,0,0,1,0,1,1,0,0,0,0,0,
ABIA,UKWA  WEST,OGWE,01-14-03-010,OGWE - ORGWU VILLAGE HALL,0,0,0,0,1,0,1,1,0,0,0,0,0,
ABIA,UKWA  WEST,IPU WEST,01-14-06-002,CENTRAL SCHOOL OWAZA  / OWAZA I,0,0,0,0,1,0,1,1,0,0,0,0,0,
ABIA,UKWA  WEST,IPU WEST,01-14-06-002,ETITI UZOR VILLAGE SQUARE / ETITI - UZOR,0,0,0,0,1,0,1,1,0,0,0,0,0,
ABIA,UKWA  WEST,OZAA UKWU,01-14-09-001,UMUNTEKE VILLAGE HALL / UMUNTEKE ,0,0,0,0,1,0,1,1,0,0,0,0,0,
ABIA,UMUAHIA NORTH,UMUAHIA URBAN  I,01-15-05-025,WORLD BANK ESTATE  I - WORLD BANK PRIMARY SCHOOL,0,0,0,0,1,0,1,1,0,0,0,0,0,
ABIA,UMUAHIA NORTH,UMUAHIA URBAN  I,01-15-05-036,UMUOBASI UGBA - UMUOBASI UGBA VILLAGE SQUARE,0,0,0,0,1,0,1,1,0,0,0,0,0,
ABIA,UMUAHIA NORTH,NKWOACHARA,01-15-07-015,UMUAWA ALAOCHA  I - UMUAWA ALAOCHA PRIMARY SCHOOL,0,0,0,0,1,0,1,1,0,0,0,0,0,
ABIA,UMUAHIA NORTH,NKWOACHARA,01-15-07-015,UMUAWA ALAOCHA  II - UMUAWA ALAOCHA PRIMARY SCHOOL,0,0,0,0,1,0,1,1,0,0,0,0,0,
ABIA,UMUAHIA NORTH,NKWOACHARA,01-15-07-015,UMUAWA ALAOCHA  III - UMUEZOROALA VILLAGE SQUARE,0,0,0,0,1,0,1,1,0,0,0,0,0,
ABIA,UMUAHIA NORTH,NKWOACHARA,01-15-07-015,UMUAWA ALAOCHA  IV - UMUEZOROALA VILLAGE SQUARE,0,0,0,0,1,0,1,1,0,0,0,0,0,
ABIA,UMUAHIA NORTH,NKWOACHARA,01-15-07-015,UMUAWA ALAOCHA  V - AGBALA VILLAGE HALL,0,0,0,0,1,0,1,1,0,0,0,0,0,
ABIA,UMUAHIA NORTH,NKWOACHARA,01-15-08-007,UMUANA/UMUOKARA/UMUYOTA - ORIE AMAENYI PRIMARY SCHOOL,0,0,0,0,1,0,1,1,0,0,0,0,0,
ABIA,UMUAHIA NORTH,UMUHU,01-15-11-003,"UMUDIAWA- UMUDIAWA 
PRI. SCH.",0,0,0,0,1,0,1,1,0,0,0,0,0,
ABIA,UMUAHIA NORTH,UMUHU,01-15-11-005,UMUOGBA  I - UMURUM TOWN HALL,0,0,0,0,1,0,1,1,0,0,0,0,0,
ABIA,UMUAHIA NORTH,UMUHU,01-15-11-013,UMUEZIKE - AFOR UMUEZIKE MARKET SQUARE,0,0,0,0,1,0,1,1,0,0,0,0,0,
ABIA,UMUAHIA NORTH,UMUHU,01-15-11-013,UDE NA EZE - UMUDA PRIMARY SCHOOL,0,0,0,0,1,0,1,1,0,0,0,0,0,
ABIA,UMUAHIA NORTH,UMUHU,01-15-11-016,MBATO OFEME - MBATO NORTH PRIMARY SCHOOL,0,0,0,0,1,0,1,1,0,0,0,0,0,
ABIA,UMUAHIA NORTH,UMUHU,01-15-11-016,ULONNA NORTH - ULONNA NORTH PRIMARY SCHOOL,0,0,0,0,1,0,1,1,0,0,0,0,0,
ABIA,UMUAHIA NORTH,UMUHU,01-15-11-016,UMUDIAWA  II - UMUDIAWA OFE IYI,0,0,0,0,1,0,1,1,0,0,0,0,0,
ABIA,ABA NORTH,EZIAMA,01-17-12-010,RAILWAY QUARTERS VIII,0,0,0,0,1,0,1,1,0,0,0,0,0,
ABIA,ABA NORTH,ARIARIA MARKET,01-17-12-010,OSUSU RD PRI. SCHOOL PREMISES VII,0,0,0,0,1,0,1,1,0,0,0,0,0,
ABIA,ABA NORTH,ARIARIA MARKET,01-17-12-010,OSUSU RD PRI. SCHOOL PREMISES VIII,0,0,0,0,1,0,1,1,0,0,0,0,0,
ABIA,ABA NORTH,ARIARIA MARKET,01-01-09-060,OLD INTERNAL REVENUE PREMISES IX (NIPP),0,0,0,0,1,0,1,1,0,0,0,0,0,
ABIA,ABA NORTH,ARIARIA MARKET,01-01-09-063,OSUSU VILLAGE HALL VII,0,0,0,0,1,0,1,1,0,0,0,0,0,
ABIA,ABA NORTH,ARIARIA MARKET,01-01-09-063,OSUSU VILLAGE HALL VIII,0,0,0,0,1,0,1,1,0,0,0,0,0,
ABIA,ABA NORTH,ARIARIA MARKET,01-01-09-063,OSUSU VILLAGE HALL IX,0,0,0,0,1,0,1,1,0,0,0,0,0,
ABIA,ABA NORTH,ARIARIA MARKET,01-01-09-063,OLD INTERNAL REVENUE PREMISES XII (NIPP),0,0,0,0,1,0,1,1,0,0,0,0,0,
ABIA,ABA NORTH,ARIARIA MARKET,01-01-09-063,FIRE SERVICE STATION PREMISES III,0,0,0,0,1,0,1,1,0,0,0,0,0,
ABIA,ABA NORTH,ARIARIA MARKET,01-01-09-063,FIRE SERVICE STATION PREMISES IV,0,0,0,0,1,0,1,1,0,0,0,0,0,
ABIA,ABA NORTH,ARIARIA MARKET,01-01-09-070,FIRE SERVICE STATION PREMISES VI,0,0,0,0,1,0,1,1,0,0,0,0,0,
ABIA,ABA NORTH,ARIARIA MARKET,01-01-09-070,FIRE SERVICE STATION PREMISES VII,0,0,0,0,1,0,1,1,0,0,0,0,0,
ABIA,ABA NORTH,ARIARIA MARKET,01-01-09-070,FIRE SERVICE STATION PREMISES VIII,0,0,0,0,1,0,1,1,0,0,0,0,0,
ABIA,ABA NORTH,ARIARIA MARKET,01-01-09-070,FIRE SERVICE STATION PREMISES IX,0,0,0,0,1,0,1,1,0,0,0,0,0,
ABIA,ABA NORTH,ARIARIA MARKET,01-01-09-070,HOLY GHOST COMMERCIAL SCHOOL PREMISES VI,0,0,0,0,1,0,1,1,0,0,0,0,0,
ABIA,ABA NORTH,ARIARIA MARKET,01-01-09-070,HOLY GHOST COMMERCIAL SCHOOL PREMISES VII,0,0,0,0,1,0,1,1,0,0,0,0,0,
ABIA,ABA NORTH,ARIARIA MARKET,01-01-09-078,ROCK HOUSE PRI AND NUR. SCH  VI,0,0,0,0,1,0,1,1,0,0,0,0,0,
ABIA,ABA NORTH,ARIARIA MARKET,01-01-09-081,ROCK HOUSE PRIMARY AND NUR.  SCHOOL PREMISES  IX,0,0,0,0,1,0,1,1,0,0,0,0,0,
ABIA,ABA NORTH,ARIARIA MARKET,01-01-09-081,SACRED HEART COLLEGE PREMISES VI,0,0,0,0,1,0,1,1,0,0,0,0,0,
ABIA,ABA NORTH,ARIARIA MARKET,01-01-09-081,EZIOBU PRIMARY SCHOOL PREMISES VIII,0,0,0,0,1,0,1,1,0,0,0,0,0,
ABIA,ABA NORTH,ARIARIA MARKET,01-01-09-081,EZIOBU PRIMARY SCHOOL PREMISES IX,0,0,0,0,1,0,1,1,0,0,0,0,0,
ABIA,ABA NORTH,ARIARIA MARKET,01-01-09-092,OSUSU RD PRI. SCHOOL PREMISES XI,0,0,0,0,1,0,1,1,0,0,0,0,0,
ABIA,ABA NORTH,EZIAMA,01-01-01-024,ABIA PLOY VIII,0,0,0,0,1,0,1,1,0,0,0,0,0,
ABIA,ABA NORTH,EZIAMA,01-01-01-026,ABIA POLY X,0,0,0,0,1,0,1,1,0,0,0,0,0,
ABIA,ABA NORTH,EZIAMA,01-01-01-026,ABIA PLOY XI,0,0,0,0,1,0,1,1,0,0,0,0,0,
ABIA,ABA NORTH,EZIAMA,01-01-01-029,ABIA PLOY XIII,0,0,0,0,1,0,1,1,0,0,0,0,0,
ABIA,ABA NORTH,EZIAMA,01-01-01-029,ABIA PLOY XIV,0,0,0,0,1,0,1,1,0,0,0,0,0,
ABIA,ABA NORTH,EZIAMA,01-01-01-032,ABIA PLOY XVI,0,0,0,0,1,0,1,1,0,0,0,0,0,
ABIA,ABA NORTH,EZIAMA,01-01-01-035,ABIA POLY XIX,0,0,0,0,1,0,1,1,0,0,0,0,0,
ABIA,ABA NORTH,EZIAMA,01-01-01-037,ABIA PLOY XXI,0,0,0,0,1,0,1,1,0,0,0,0,0,
ABIA,ABA NORTH,EZIAMA,01-01-01-039,ABIA POLY XXIII,0,0,0,0,1,0,1,1,0,0,0,0,0,
ABIA,ABA NORTH,EZIAMA,01-01-01-045,EZIAMA HIGH SCHOOL VII,0,0,0,0,1,0,1,1,0,0,0,0,0,
ABIA,ABA NORTH,EZIAMA,01-01-01-047,EZIAMA HIGH SCH. IX,0,0,0,0,1,0,1,1,0,0,0,0,0,
ABIA,ABA NORTH,EZIAMA,01-01-01-051,EZIAMA HIGH SCH. XIII,0,0,0,0,1,0,1,1,0,0,0,0,0,
ABIA,ABA NORTH,EZIAMA,01-01-01-054,RAILWAY QUARTERS VII,0,0,0,0,1,0,1,1,0,0,0,0,0,
ABIA,ABA NORTH,OGBOR I,01-01-10-028,WILCOX MEM. SEC. SCH. VII,0,0,0,0,1,0,1,1,0,0,0,0,0,
ABIA,ABA NORTH,OGBOR I,01-01-10-028,WILCOX MEM.SEC. SCH. VIII,0,0,0,0,1,0,1,1,0,0,0,0,0,
ABIA,ABA NORTH,OLD ABA GRA,01-01-07-026,UGWUEZI SQUARE III,0,0,0,0,1,0,1,1,0,0,0,0,0,
ABIA,ABA NORTH,OLD ABA GRA,01-01-07-029,AMA NWAIGWE SQUARE I,0,0,0,0,1,0,1,1,0,0,0,0,0,
ABIA,ABA NORTH,OLD ABA GRA,01-01-07-031,AMA NWAIGWE SQUARE III,0,0,0,0,1,0,1,1,0,0,0,0,0,
ABIA,ABA NORTH,OLD ABA GRA,01-01-07-034,SPORTS CLUB/GOVERNOR'S LODGE VI,0,0,0,0,1,0,1,1,0,0,0,0,0,
ABIA,ABA NORTH,OLD ABA GRA,01-01-07-034,SPORTS CLUB/GOVERNOR'S LODGE VII,0,0,0,0,1,0,1,1,0,0,0,0,0,
ABIA,ABA NORTH,OSUSU II,01-01-04-021,OSUSU SEC. SCHOOL XI,0,0,0,0,1,0,1,1,0,0,0,0,0,
ABIA,ABA NORTH,OSUSU II,01-01-04-021,OSUSU SEC. SCHOOL XII,0,0,0,0,1,0,1,1,0,0,0,0,0,
ABIA,ABA NORTH,OSUSU II,01-01-04-030,BRIGHT WAY NURSARY SCHOOL XIII,0,0,0,0,1,0,1,1,0,0,0,0,0,
ABIA,ABA NORTH,UMUOGOR,01-01-12-023,UMUOGOR COUNCIL HALL II,0,0,0,0,1,0,1,1,0,0,0,0,0,
ABIA,ABA NORTH,URATTA,01-01-06-028,"MIGRANT FARMERS PRIMARY SCH, III",0,0,0,0,1,0,1,1,0,0,0,0,0,
ABIA,ABA NORTH,URATTA,01-01-06-030,CIVIC CENTRE II,0,0,0,0,1,0,1,1,0,0,0,0,0,
ABIA,ABA NORTH,URATTA,01-01-06-036,URATTA COUNCIL HALL XVIII,0,0,0,0,1,0,1,1,0,0,0,0,0,
ABIA,ABA SOUTH,ABA RIVER,01-02-11-037,NDOKI ROAD PRIMARY SCHOOL IV,0,0,0,0,1,0,1,1,0,0,0,0,0,
ABIA,ABA SOUTH,ABA RIVER,01-02-11-037,NDOKI ROAD PRIMARY SCHOOL V,0,0,0,0,1,0,1,1,0,0,0,0,0,
ABIA,ABA SOUTH,ABA RIVER,01-02-11-037,NDOKI ROAD PRIMARY SCHOOL VI,0,0,0,0,1,0,1,1,0,0,0,0,0,
ABIA,ABA SOUTH,ENYIMBA,01-02-03-040,ENUGU EZIKE HALL I,0,0,0,0,1,0,1,1,0,0,0,0,0,
ABIA,ABA SOUTH,ENYIMBA,01-02-03-040,ENUGU EZIKE HALL II,0,0,0,0,1,0,1,1,0,0,0,0,0,
ABIA,ABA SOUTH,ENYIMBA,01-02-03-048,ABAUKWU VILLAGE HALL VI,0,0,0,0,1,0,1,1,0,0,0,0,0,
ABIA,ABA SOUTH,ENYIMBA,01-02-03-048,OKIJA HALL III,0,0,0,0,1,0,1,1,0,0,0,0,0,
ABIA,ABA SOUTH,ENYIMBA,01-02-03-051,UMUOKPOJI HALL IV.,0,0,0,0,1,0,1,1,0,0,0,0,0,
ABIA,ABA SOUTH,GLOUCESTER,01-02-01-057,SCHOOL OF DEAF AND DUMB I,0,0,0,0,1,0,1,1,0,0,0,0,0,
ABIA,ABA SOUTH,GLOUCESTER,01-02-01-057,SCHOOL OF DEAF AND DUMB II,0,0,0,0,1,0,1,1,0,0,0,0,0,
ABIA,ABA SOUTH,GLOUCESTER,01-02-09-030,MARKET ROAD PRIMARY SCHOOL  XIV,0,0,0,0,1,0,1,1,0,0,0,0,0,
ABIA,ABA SOUTH,GLOUCESTER,01-02-09-033,OLD COURT PRIMARY SCHOOL VIII,0,0,0,0,1,0,1,1,0,0,0,0,0,
ABIA,ABA SOUTH,GLOUCESTER,01-02-09-033,GREEN STREET PRIMARY SCHOOL  III,0,0,0,0,1,0,1,1,0,0,0,0,0,
ABIA,ABA SOUTH,IGWEBUIKE,01-02-09-036,UMUAGBAI SECONDARY SCHOOL III,0,0,0,0,1,0,1,1,0,0,0,0,0,
ABIA,ABA SOUTH,IGWEBUIKE,01-02-07-024,OHABIAM SECONDARY SCHOOL  X,0,0,0,0,1,0,1,1,0,0,0,0,0,
ABIA,ABA SOUTH,MOSQUE,01-02-10-027,SCHOOL OF HEALTH XIII,0,0,0,0,1,0,1,1,0,0,0,0,0,
ABIA,ABA SOUTH,MOSQUE,01-02-10-030,MOSQUE SCHOOL VII,0,0,0,0,1,0,1,1,0,0,0,0,0,
ABIA,ABA SOUTH,MOSQUE,01-02-10-033,EHI ROAD PRIMARY SCHOOL  XI,0,0,0,0,1,0,1,1,0,0,0,0,0,
ABIA,ABA SOUTH,NGWA,01-02-04-049,AGULU PEOPLES HALL VII,0,0,0,0,1,0,1,1,0,0,0,0,0,
ABIA,ABA SOUTH,NGWA,01-02-04-051,AGULU PEOPLE'S HALL IX,0,0,0,0,1,0,1,1,0,0,0,0,0,
ABIA,ABA SOUTH,OHAZU I,01-02-05-037,AGULANNA ROAD PRIMARY SCHOOL X,0,0,0,0,1,0,1,1,0,0,0,0,0,
ABIA,ABA SOUTH,OHAZU I,01-02-05-042,AWKUZU HALL IV,0,0,0,0,1,0,1,1,0,0,0,0,0,
ABIA,ABA SOUTH,OHAZU II,01-02-06-017,UMUOGELE PRIMARY SCHOOL VI,0,0,0,0,1,0,1,1,0,0,0,0,0,
ABIA,ABA SOUTH,OHAZU II,01-02-06-019,UMUOGELE PRIMARY SCHOOL VIII,0,0,0,0,1,0,1,1,0,0,0,0,0,
ABIA,ABA SOUTH,OHAZU II,01-02-06-022,UMUONYENTU HEALTH CENTRE I,0,0,0,0,1,0,1,1,0,0,0,0,0,
ABIA,ABA SOUTH,OHAZU II,01-02-06-025,NNACHI HALL I,0,0,0,0,1,0,1,1,0,0,0,0,0,
ABIA,ABA SOUTH,OHAZU II,01-02-06-027,UMUONYENTU HEALTH CENTRE II,0,0,0,0,1,0,1,1,0,0,0,0,0,
ABIA,ABA SOUTH,OHAZU II,01-02-06-027,UMUAKPULONU VILLAGE HALL,0,0,0,0,1,0,1,1,0,0,0,0,0,
ABIA,ABA SOUTH,OHAZU II,01-02-06-027,IHEORJI VILLAGE SCHOOL II,0,0,0,0,1,0,1,1,0,0,0,0,0,
ABIA,AROCHUKWU,AROCHUKWU III,01-03-06-018,COMMUNITY SECONDARY SCH. AMUVI,0,0,0,0,1,0,1,1,0,0,0,0,0,
ABIA,AROCHUKWU,AROCHUKWU III,01-03-06-018,MGBALA EKPE AMUVI,0,0,0,0,1,0,1,1,0,0,0,0,0,
ABIA,AROCHUKWU,AROCHUKWU III,01-03-06-018,UMENTA HALL AMUVI,0,0,0,0,1,0,1,1,0,0,0,0,0,
ABIA,ISUIKWUATO,ACHARA / MGBUGWU,01-07-09-016,UGWUELE CIVIC HALL,0,0,0,0,1,0,1,1,0,0,0,0,0,
ABIA,ISUIKWUATO,ACHARA / MGBUGWU,01-07-09-016,ELUORO VILLAGE HALL,0,0,0,0,1,0,1,1,0,0,0,0,0,
ABIA,ISUIKWUATO,ACHARA / MGBUGWU,01-07-09-016,ACHARA UTURU COMMUNITY SCHOOL,0,0,0,0,1,0,1,1,0,0,0,0,0,
ABIA,ISUIKWUATO,IKEAGHA I,01-08-08-010,AMUKAHIA VILLAGE SQUARE,0,0,0,0,1,0,1,1,0,0,0,0,0,
ABIA,OBINGWA,ABAYI  II,01-09-02-029,EHERE II - ALL SAINTS SEC. SCH. IV,0,0,0,0,1,0,1,1,0,0,0,0,0,
ABIA,OBINGWA,ABAYI  II,01-09-02-037,UMUDUKWU COUNCIL HALL,0,0,0,0,1,0,1,1,0,0,0,0,0,
ABIA,OBINGWA,ABAYI  II,01-09-02-037,UMUOKAHIA - C.P.S. 1,0,0,0,0,1,0,1,1,0,0,0,0,0,
ABIA,OBINGWA,AHIABA,01-09-05-021,OSUSU UMUIKPEGHE OSUSU UMUIKPEGHE HALL II,0,0,0,0,1,0,1,1,0,0,0,0,0,
ABIA,OBINGWA,AKUMAIMO,01-09-05-032,UMUOMAI-UMUOMAI HALL II,0,0,0,0,1,0,1,1,0,0,0,0,0,
ABIA,OBINGWA,AKUMAIMO,01-09-05-032,UMUOCHIEKE COUNCIL HALL,0,0,0,0,1,0,1,1,0,0,0,0,0,
ABIA,OBINGWA,AKUMAIMO,01-09-05-032,UMUAMA CIVIC HALL,0,0,0,0,1,0,1,1,0,0,0,0,0,
ABIA,OBINGWA,AKUMAIMO,01-09-05-032,UMUGA COUNCIL HALL,0,0,0,0,1,0,1,1,0,0,0,0,0,
ABIA,OBINGWA,AKUMAIMO,01-09-05-032,UMUOBE COUNCIL HALL,0,0,0,0,1,0,1,1,0,0,0,0,0,
ABIA,OBINGWA,AKUMAIMO,01-09-05-032,MIGRANT FARMERS SCHOOL,0,0,0,0,1,0,1,1,0,0,0,0,0,
ABIA,OBINGWA,AKUMAIMO,01-09-05-032,UMUNKAMA VILLAGE COUNCIL,0,0,0,0,1,0,1,1,0,0,0,0,0,
ABIA,OBINGWA,AKUMAIMO,01-09-05-032,OKPUAFOR VILLAGE HALL,0,0,0,0,1,0,1,1,0,0,0,0,0,
ABIA,OBINGWA,AKUMAIMO,01-09-05-032,UMUOGELE/UMUOKOROMA UMUOGELE HALL,0,0,0,0,1,0,1,1,0,0,0,0,0,
ABIA,OBINGWA,AKUMAIMO,01-09-08-027,UMUGO COUNCIL HALL,0,0,0,0,1,0,1,1,0,0,0,0,0,
ABIA,OBINGWA,AKUMAIMO,01-09-08-027,UMUOBU COUNCIL HALL,0,0,0,0,1,0,1,1,0,0,0,0,0,
ABIA,OBINGWA,MGBOKO ITUNGWA,01-09-06-016,EKWUNNE/OMOVU/VILLAGE COUNCIL HALL ITUNGWA I,0,0,0,0,1,0,1,1,0,0,0,0,0,
ABIA,OBINGWA,MGBOKO ITUNGWA,01-09-06-016,NGWOKAHIA/UZOITU VILLAGE COUNCIL HALL ITUNGWA II,0,0,0,0,1,0,1,1,0,0,0,0,0,
ABIA,OBINGWA,MGBOKO ITUNGWA,01-09-06-016,MGBOKO ORIAEFULE COUNCIL HALL,0,0,0,0,1,0,1,1,0,0,0,0,0,
ABIA,OBINGWA,MGBOKO ITUNGWA,01-09-06-016,UMUOGWUGWU/UMUADIUKWU COUNCIL HALL,0,0,0,0,1,0,1,1,0,0,0,0,0,
ABIA,OHAFIA,ISIAMA OHAFIA,01-10-02-024,OHAFIA CENTRAL SCHOOL PREMISES,0,0,0,0,1,0,1,1,0,0,0,0,0,
ABIA,OHAFIA,ISIAMA OHAFIA,01-10-02-024,EBIRI PRIMARY SCHOOL PREMISES,0,0,0,0,1,0,1,1,0,0,0,0,0,
ABIA,OHAFIA,ISIAMA OHAFIA,01-10-02-024,NDI AMAECHI SQUARE,0,0,0,0,1,0,1,1,0,0,0,0,0,
ABIA,OHAFIA,ISIAMA OHAFIA,01-10-02-024,OBIMBA HALL AMAEKPU,0,0,0,0,1,0,1,1,0,0,0,0,0,
ABIA,OHAFIA,ISIAMA OHAFIA,01-10-02-024,ARMY DAY SECONDARY SCHOOL OHAFIA,0,0,0,0,1,0,1,1,0,0,0,0,0,
ABIA,OHAFIA,ISIAMA OHAFIA,01-10-02-024,OKAGWE TOWN HALL III,0,0,0,0,1,0,1,1,0,0,0,0,0,
ABIA,OHAFIA,ISIAMA OHAFIA,01-10-02-024,NDI NKOLE COMPOUND HALL,0,0,0,0,1,0,1,1,0,0,0,0,0,
ABIA,OHAFIA,ISIAMA OHAFIA,01-10-02-024,AMAEKPU COMMUNITY SCHOOL II,0,0,0,0,1,0,1,1,0,0,0,0,0,
ABIA,OHAFIA,OHAFOR OHAFIA,01-10-04-019,OMAGHUZOR HEALTH CENTER,0,0,0,0,1,0,1,1,0,0,0,0,0,
ABIA,OHAFIA,OKAMU OHAFIA,01-10-08-028,OKAMU SEC. COM. SCHOOL II,0,0,0,0,1,0,1,1,0,0,0,0,0,
ABIA,OHAFIA,OKAMU OHAFIA,01-10-08-028,NDI ANAYAJA COMPOUND  HALL,0,0,0,0,1,0,1,1,0,0,0,0,0,
ABIA,OHAFIA,OKAMU OHAFIA,01-10-08-028,NDI MBE COMPOUND HALL,0,0,0,0,1,0,1,1,0,0,0,0,0,
ABIA,OHAFIA,OKAMU OHAFIA,01-10-08-028,NDI OKA COMP. HALL,0,0,0,0,1,0,1,1,0,0,0,0,0,
ABIA,OSISIOMA,AMAITOLU MBUTU UMUOJIMA,01-11-02-029,MBUTU UMUOJIMA COMMUNITY SNR.SECONDARY SCHOOL II,0,0,0,0,1,0,1,1,0,0,0,0,0,
ABIA,OSISIOMA,AMAITOLU MBUTU UMUOJIMA,01-11-02-035,"UMUGAA COUNCIL 
HALL II",0,0,0,0,1,0,1,1,0,0,0,0,0,
ABIA,OSISIOMA,AMAITOLU MBUTU UMUOJIMA,01-11-02-039,ABAYI ARIARIA PRIMARY SCHOOL II,0,0,0,0,1,0,1,1,0,0,0,0,0,
ABIA,OSISIOMA,AMAITOLU MBUTU UMUOJIMA,01-11-02-041,"ISIOKPO HALL, AHIABA I",0,0,0,0,1,0,1,1,0,0,0,0,0,
ABIA,OSISIOMA,AMAITOLU MBUTU UMUOJIMA,01-11-02-043,UMUKAEGBU COUNCIL HALL I,0,0,0,0,1,0,1,1,0,0,0,0,0,
ABIA,OSISIOMA,AMAITOLU MBUTU UMUOJIMA,01-11-02-043,IHUKAMALU VILLAGE SQUARE,0,0,0,0,1,0,1,1,0,0,0,0,0,
ABIA,OSISIOMA,AMAITOLU MBUTU UMUOJIMA,01-11-02-049,UMUOHAKA VILLAGE SQUARE II,0,0,0,0,1,0,1,1,0,0,0,0,0,
ABIA,OSISIOMA,AMAITOLU MBUTU UMUOJIMA,01-11-02-054,"AMA ANUM COUNCIL
 HALL III",0,0,0,0,1,0,1,1,0,0,0,0,0,
ABIA,OSISIOMA,AMAITOLU MBUTU UMUOJIMA,01-11-02-058,AKPO TOWN HALL II,0,0,0,0,1,0,1,1,0,0,0,0,0,
ABIA,OSISIOMA,AMAITOLU MBUTU UMUOJIMA,01-11-02-066,UMUEGOKA VILLAGE SQUARE I,0,0,0,0,1,0,1,1,0,0,0,0,0,
ABIA,OSISIOMA,AMAITOLU MBUTU UMUOJIMA,01-11-02-066,UMUEGOKA VILLAGE SQUARE II,0,0,0,0,1,0,1,1,0,0,0,0,0,
ABIA,OSISIOMA,AMAITOLU MBUTU UMUOJIMA,01-11-02-066,UMUDIOKA COUNCIL HALL,0,0,0,0,1,0,1,1,0,0,0,0,0,
ABIA,OSISIOMA,AMASATOR,01-11-03-024,UMUNGASI POST  OFFICE III,0,0,0,0,1,0,1,1,0,0,0,0,0,
ABIA,OSISIOMA,AMASATOR,01-11-03-028,BOUNDARY AVENUE II-UMUNGASI III,0,0,0,0,1,0,1,1,0,0,0,0,0,
ABIA,OSISIOMA,AMASATOR,01-11-03-033,UMULE COMPREHENSIVE SENIOR SECONDARY SCHOOL I,0,0,0,0,1,0,1,1,0,0,0,0,0,
ABIA,OSISIOMA,AMASATOR,01-11-03-035,"UMUEHILEGBU VILLAGE HALL I, UMUOCHAM",0,0,0,0,1,0,1,1,0,0,0,0,0,
ABIA,OSISIOMA,AMASATOR,01-11-03-039,67 INFANTRY UMULE IV,0,0,0,0,1,0,1,1,0,0,0,0,0,
ABIA,OSISIOMA,AMASATOR,01-11-03-045,UMUODE COMMUNITY SECONDARY SCH. III UMUODE,0,0,0,0,1,0,1,1,0,0,0,0,0,
ABIA,OSISIOMA,AMASATOR,01-11-03-051,"UMUORU VILLAGE  HALL I , UMUORU - UMUODE",0,0,0,0,1,0,1,1,0,0,0,0,0,
ABIA,OSISIOMA,AMASATOR,01-11-03-061,WORLD BANK MODEL PRIMARY SCH. III  ABAYI II,0,0,0,0,1,0,1,1,0,0,0,0,0,
ABIA,OSISIOMA,AMASATOR,01-11-03-061,ABAYI VILL. HALL II,0,0,0,0,1,0,1,1,0,0,0,0,0,
ABIA,OSISIOMA,AMASATOR,01-11-03-064,ABIA STATE UNIVERSITY SCHOOL I,0,0,0,0,1,0,1,1,0,0,0,0,0,
ABIA,OSISIOMA,AMASATOR,01-11-03-070,UMUNWANKWO HALL II,0,0,0,0,1,0,1,1,0,0,0,0,0,
ABIA,OSISIOMA,AMASATOR,01-11-03-076,"UMUOJIMA EGBEKE FAMILY HALL, AHIABA UMUEZE",0,0,0,0,1,0,1,1,0,0,0,0,0,
ABIA,OSISIOMA,AMASATOR,01-11-03-076,UMUAMACHA  COUNCIL HALL AHIABA UMUEZE,0,0,0,0,1,0,1,1,0,0,0,0,0,
ABIA,OSISIOMA,AMASATOR,01-11-03-076,AHIABA VILLAGE COUNCIL HALL,0,0,0,0,1,0,1,1,0,0,0,0,0,
ABIA,OSISIOMA,AMASATOR,01-11-03-089,"ABIA STATE UNIV, INT'L SECONDARY SCHOOL III",0,0,0,0,1,0,1,1,0,0,0,0,0,
ABIA,OSISIOMA,OKPOR - UMUOBO,01-11-10-009,UGWUABA/UMUABA VILLAGE HALL,0,0,0,0,1,0,1,1,0,0,0,0,0,
ABIA,OSISIOMA,OKPOR - UMUOBO,01-11-10-014,ABUWA MEMORIAL COMMUNITY PRIMARY SCHOOL II,0,0,0,0,1,0,1,1,0,0,0,0,0,
ABIA,OSISIOMA,URTTA,01-11-09-008,UMUENYINNA VILLAGE HALL,0,0,0,0,1,0,1,1,0,0,0,0,0,
ABIA,OSISIOMA,URTTA,01-11-07-014,"ALAOCHA NWOGU TRIANGLE, UMUEKE",0,0,0,0,1,0,1,1,0,0,0,0,0,
ABIA,OSISIOMA,URTTA,01-11-07-018,EGBELUOWO VILLAGE COUNCIL HALL I,0,0,0,0,1,0,1,1,0,0,0,0,0,
ABIA,OSISIOMA,URTTA,01-11-07-020,UMUOKOROGBU VILLAGE CIVIC CENTRE I,0,0,0,0,1,0,1,1,0,0,0,0,0,
ABIA,OSISIOMA,URTTA,01-11-07-020,UMUOKOROGBU VILLAGE CIVIC CENTRE II,0,0,0,0,1,0,1,1,0,0,0,0,0,
ABIA,OSISIOMA,URTTA,01-11-07-026,OBUZOR CENTRAL SCHOOL,0,0,0,0,1,0,1,1,0,0,0,0,0,
ABIA,UKWA  WEST,IPU  EAST,01-14-07-009,UMUDOBIA  VILLAGE HALL,0,0,0,0,1,0,1,1,0,0,0,0,0,
ABIA,UKWA  WEST,IPU  EAST,01-14-07-009,OBEHIE HEALTH CENTRE I,0,0,0,0,1,0,1,1,0,0,0,0,0,
ABIA,UKWA  WEST,IPU  EAST,01-14-07-009,OBEHIE HEALTH CENTRE II,0,0,0,0,1,0,1,1,0,0,0,0,0,
ABIA,UKWA  WEST,IPU WEST,01-14-07-009,UMUNWULU TOWN VILL SQ.,0,0,0,0,1,0,1,1,0,0,0,0,0,
ABIA,UKWA  WEST,IPU WEST,01-14-06-007,UMUNGEDE NWANYI KWERENADI COMM. TOWN HALL,0,0,0,0,1,0,1,1,0,0,0,0,0,
ABIA,UKWA  WEST,IPU WEST,01-14-06-013,UMUOLOLO COMM. TOWN HALL,0,0,0,0,1,0,1,1,0,0,0,0,0,
ABIA,UKWA  WEST,IPU WEST,01-14-06-013,MIGRANTS FARMERS PRI. SCHOOL II,0,0,0,0,1,0,1,1,0,0,0,0,0,
ABIA,UKWA  WEST,OBOKWE,01-14-06-016,UMUNDUGU VILLAGE HALL,0,0,0,0,1,0,1,1,0,0,0,0,0,
ABIA,UKWA  WEST,OBOKWE,01-14-06-016,UMUOPERE HALL ,0,0,0,0,1,0,1,1,0,0,0,0,0,
ABIA,UMUAHIA NORTH,IBEKU EAST  II,01-15-02-018,OGWUMABIRI UKWUAPU PRIMARY SCHOOL OSSAH,0,0,0,0,1,0,1,1,0,0,0,0,0,
ABIA,UMUAHIA NORTH,NDUME,01-15-03-030,UMUCHIEZE VILLAGE SQUARE,0,0,0,0,1,0,1,1,0,0,0,0,0,
ABIA,UMUAHIA NORTH,NKWOACHARA,01-15-03-053,UMUAWA ALAOCHA PRIMARY SCHOOL I,0,0,0,0,1,0,1,1,0,0,0,0,0,
ABIA,UMUAHIA NORTH,NKWOACHARA,01-15-03-053,UMUAWA ALAOCHA PRIMARY SCHOOL II,0,0,0,0,1,0,1,1,0,0,0,0,0,
ABIA,UMUAHIA NORTH,NKWOACHARA,01-15-08-012,UMUYOTA ALAIKE COMMUNITY CIVIC HALL,0,0,0,0,1,0,1,1,0,0,0,0,0,
ABIA,UMUAHIA NORTH,UMUAHIA URBAN  I,01-15-05-038,"UGBA I COMM. SCHOOL, UGBA II",0,0,0,0,1,0,1,1,0,0,0,0,0,
ABIA,UMUAHIA NORTH,UMUAHIA URBAN  I,01-15-05-038,AMAOKWE COMMUNITY HALL,0,0,0,0,1,0,1,1,0,0,0,0,0,
ABIA,UMUAHIA NORTH,UMUAHIA URBAN  I,01-15-05-049,OKIGWE PARK MISSION HILL,0,0,0,0,1,0,1,1,0,0,0,0,0,
ABIA,UMUAHIA NORTH,UMUAHIA URBAN  I,01-15-05-073,UKAEGBU HOUSING ESTATE HALL,0,0,0,0,1,0,1,1,0,0,0,0,0,
ABIA,UMUAHIA NORTH,UMUAHIA URBAN  III,01-15-07-022,UMUOLEGHE AZUAHIA VILLAGE HALL II,0,0,0,0,1,0,1,1,0,0,0,0,0,
ABIA,UMUAHIA NORTH,UMUAHIA URBAN  III,01-15-07-024,UGWUNCHARA PRIMARY SCHOOL I,0,0,0,0,1,0,1,1,0,0,0,0,0,
ABIA,UMUAHIA NORTH,UMUAHIA URBAN  III,01-15-07-026,UMUOLEGHE AZUAHIA VILLAGE HALL III,0,0,0,0,1,0,1,1,0,0,0,0,0,
ABIA,UMUAHIA NORTH,UMUHU,01-15-11-020,UMU-AJANA VILLAGE HALL,0,0,0,0,1,0,1,1,0,0,0,0,0,
ABIA,ABA NORTH,ARIARIA MARKET,01-01-02-037,BTC PREMISES XI,0,0,0,0,1,0,1,1,0,0,0,0,0,
ABIA,ABA NORTH,EZIAMA,01-01-02-037,BTC SCHOOL PRMISES XIII,0,0,0,0,1,0,1,1,0,0,0,0,0,
ABIA,OHAFIA,ISIAMA OHAFIA,01-02-01-054,OHAFIA GIRLS SECONDARY SCHOOL,0,0,0,0,1,0,1,1,0,0,0,0,0,
ABIA,ABA SOUTH,IGWEBUIKE,01-13-02-005,ASAEME VILLAGE HALL IV,0,0,0,0,1,0,1,1,0,0,0,0,0,
